Sr. No.,Store Name,Pincode,City,District,State,Remaining Address,Raw Data,Brand Name,Company Name
1,Kalyan Silks - Thrissur (Round North),680001,Thrissur,Thrissur,Kerala,"Perinchery Building, Round North","KALYAN SILKS TRICHUR PVT. LTD, PERINCHERY BUILDING, ROUND NORTH, TRICHUR, Pin - 680 001",Kalyan Silks,Kalyan Silks
2,Kalyan Silks - Thrissur (Palace Road),680020,Thrissur,Thrissur,Kerala,Palace Road,"KALYAN SILKS TRICHUR PVT. LTD, PALACE ROAD, TRICHUR, Pin - 680 020",Kalyan Silks,Kalyan Silks
3,Kalyan Silks - Ernakulam,682011,Ernakulam,Ernakulam,Kerala,"Hospital Road, Near Maharaja College Ground","KALYAN SILKS TRICHUR PVT. LTD, HOSPITAL ROAD, NEAR MAHARAJA COLLEGE GROUND, ERNAKULAM, Pin - 682 011",Kalyan Silks,Kalyan Silks
4,Kalyan Silks - Palakkad (RS Road),678001,Palakkad,Palakkad,Kerala,"R.S. Road, Opp Town Railway Station","KALYAN SILKS TRICHUR PVT. LTD, R.S. ROAD, OPP TOWN RAILWAY STATION, PALAKKAD, Pin - 678 001",Kalyan Silks,Kalyan Silks
5,Kalyan Silks - Calicut (Kozhikode),673016,Kozhikode,Kozhikode,Kerala,"Thondayad Junction, Mavoor Road","KALYAN SILKS TRICHUR PVT. LTD, THONDAYAD JUNCTION, MAVOOR ROAD, KOZHIKODE, Pin - 673 016",Kalyan Silks,Kalyan Silks
6,Kalyan Silks - Kannur,670006,Kannur,Kannur,Kerala,"Kannothumchal, Chovva P.O","KALYAN SILKS TRICHUR PVT. LTD, KANNOTHUMCHAL, CHOVVA P.O, KANNUR, Pin - 670 006",Kalyan Silks,Kalyan Silks
7,Kalyan Silks - Kottayam,686001,Kottayam,Kottayam,Kerala,"Pioneer Arcade, TB Road, Near KSRTC Bus Stand","KALYAN SILKS TRICHUR PVT. LTD, PIONEER ARCADE, TB ROAD, NEAR KSRTC BUS STAND, Pin - 686 001",Kalyan Silks,Kalyan Silks
8,Kalyan Silks - Thiruvalla,689101,Thiruvalla,Pathanamthitta,Kerala,Deepa Junction,"KALYAN SILKS TRICHUR PVT. LTD, DEEPA JUNCTION, THIRUVALLA, PATHANAMTHITTA, Pin - 689 101",Kalyan Silks,Kalyan Silks
9,Kalyan Silks - Thiruvananthapuram,695033,Thiruvananthapuram,Thiruvananthapuram,Kerala,"Near Fine Arts College, Opp CN Stadium, Palayam","KALYAN SILKS TRICHUR PVT. LTD, NEAR FINE ARTS COLLEGE, OPP.CN STADIUM, PALAYAM, THIRUVANANTHAPURAM, Pin - 695 033",Kalyan Silks,Kalyan Silks
10,Kalyan Silks - Thodupuzha,685584,Thodupuzha,Idukki,Kerala,"Dream Mall, Rotary Junction","KALYAN SILKS TRICHUR PVT. LTD, DREAM MALL, ROTARY JUNCTION, THODUPUZHA, IDUKKI, Pin - 685 584",Kalyan Silks,Kalyan Silks
11,Kalyan Silks - Kunnamkulam,680503,Kunnamkulam,Thrissur,Kerala,Guruvayoor Road,"KALYAN SILKS TRICHUR PVT. LTD, GURUVAYOOR ROAD, KUNNAMKULAM, THRISSUR, Pin - 680 503",Kalyan Silks,Kalyan Silks
12,Kalyan Silks - Attingal,695101,Attingal,Thiruvananthapuram,Kerala,"Kachery Junction, Attingal PO","KALYAN SILKS TRICHUR PVT. LTD, KACHERY JUNCTION, ATTINGAL P O, TRIVANDRUM, Pin - 695 101",Kalyan Silks,Kalyan Silks
13,Kalyan Silks - Vadakara,673101,Vadakara,Kozhikode,Kerala,"Nesto Grand Square Mall, Edody","KALYAN SILKS TRICHUR PVT. LTD, NESTO GRAND SQUARE MALL, NEAR KIRTI MUDRA THEATRE, EDODY, VADAKARA, Pin - 673 101",Kalyan Silks,Kalyan Silks
14,Kalyan Silks - Kasaragod,671121,Kasaragod,Kasaragod,Kerala,"Kudroli Square, New Bus Stand","KALYAN SILKS TRICHUR PVT. LTD, KUDROLI SQUARE, NEW BUS STAND, KASARAGOD, Pin - 671 121",Kalyan Silks,Kalyan Silks
15,Kalyan Silks - Payyanur,670307,Payyanur,Kannur,Kerala,Opp New Bus Stand,"KALYAN SILKS TRICHUR PVT. LTD, OPP.NEW BUS STAND, PAYYANUR, KANNUR, Pin - 670 307",Kalyan Silks,Kalyan Silks
16,Kalyan Silks - Chalakudy,680307,Chalakudy,Thrissur,Kerala,"Trunk Main Road, Opp Taluk Office","KALYAN SILKS TRICHUR PVT. LTD, TRUNK MAIN ROAD, OPP. TALUK OFFICE, CHALAKKUDY, Pin - 680 307",Kalyan Silks,Kalyan Silks
17,Kalyan Silks - Perinthalmanna,679322,Perinthalmanna,Malappuram,Kerala,Calicut Road,"KALYAN SILKS TRICHUR PVT. LTD, CALICUT ROAD, PERINTALMANNA, MALAPPURAM, Pin - 679 322",Kalyan Silks,Kalyan Silks
18,Kalyan Silks - Kalpetta,673121,Kalpetta,Wayanad,Kerala,"Green Land Nagar, Opp New Bus Stand","KALYAN SILKS TRICHUR PVT. LTD, GREEN LAND NAGAR, OPP. NEW BUS STAND, KALPETTA, Pin - 673 121",Kalyan Silks,Kalyan Silks
19,Kalyan Silks - Kollam,691001,Kollam,Kollam,Kerala,"Residency Road, Chinnakkada","KALYAN SILKS TRICHUR PVT. LTD, RESIDENCY ROAD, CHINNAKKADA, KOLLAM, Pin - 691 001",Kalyan Silks,Kalyan Silks
20,Kalyan Silks - Palakkad (TB Road),678014,Palakkad,Palakkad,Kerala,"Opp Town Bus Stand, TB Road","KALYAN SILKS TRICHUR PVT. LTD, OPP. TOWN BUS STAND, T.B. ROAD, PALAKKAD, Pin - 678 014",Kalyan Silks,Kalyan Silks
21,Kalyan Silks - Pattambi,679303,Pattambi,Palakkad,Kerala,Perinthalmanna Road,"KALYAN SILKS SELECT, PERINTHALMANNA ROAD, PATTAMBI, KERALA 679303",Kalyan Silks,Kalyan Silks
22,Kalyan Silks - Erode,638001,Erode,Erode,Tamil Nadu,"Mettur Road, Near Parimala Complex","KALYAN SILKS TRICHUR PVT. LTD, METTUR ROAD, NEAR PARIMALA COMPLEX, ERODE, Pin - 638 001",Kalyan Silks,Kalyan Silks
23,Kalyan Silks - Salem,636016,Salem,Salem,Tamil Nadu,"Building 217, Omalur Main Road","KALYAN SILKS TRICHUR PVT. LTD, BUILDING NO. 217, OMALUR MAIN ROAD, OPP.NEW BUS STAND, Pin - 636 016",Kalyan Silks,Kalyan Silks
24,Kalyan Silks - Bengaluru (Commercial St 1),560001,Bengaluru,Bengaluru Urban,Karnataka,"Near Safina Plaza, Main Guard Cross Road","KALYAN SILKS TRICHUR PVT. LTD, COMMERCIAL STREET, NEAR SAFINA PLAZA, MAIN GUARD CROSS ROAD, BENGALURU, Pin - 560 001",Kalyan Silks,Kalyan Silks
25,Kalyan Silks - Bengaluru (Commercial St 2),560001,Bengaluru,Bengaluru Urban,Karnataka,"Tasker Town, Shivaji Nagar","KALYAN SILKS TRICHUR PVT. LTD, COMMERCIAL STREET, TASKER TOWN, SHIVAJI NAGAR, BENGALURU, PIN - 560 001",Kalyan Silks,Kalyan Silks
26,Kalyan Silks - Muscat,131,Muscat,Muscat,Oman,"Ruwi, Building No 461, Way No 3109","KALYAN SILKS LLC, RUWI, MUSCAT, MOOSA ABDUL RAHMAN HASAAN BUILDING, BUILDING NO:461, WAY NO:3109, Pin - 131",Kalyan Silks,Kalyan Silks
27,Kalyan Silks - Doha,N/A,Doha,Doha,Qatar,"Barwa Village, Al Wakrah","KALYAN SILKS, B-15, SHOP-40, 42-45, BARWA VILLAGE, AL WAKRAH, DOHA-QATAR",Kalyan Silks,Kalyan Silks
1,Pothys Traditional,600017,Chennai,Chennai,Tamil Nadu,"No.15, Nageswara Rao Rd, Opp Doraiswami Subway, T Nagar","Pothys Retail Private Limited, No.15, Nageswara Rao Road, Opp. Doraiswami Subway, T Nagar, Chennai, Tamil Nadu India 600017, 044 - 43966333",Pothys,Pothys
2,Pothys Hyper,600017,Chennai,Chennai,Tamil Nadu,"No.84, 85, N Usman Rd, Postal Colony, T Nagar","Pothys Retail Private Limited, No.84, 85, N Usman Rd, Postal Colony, Parthasarathi Puram, T Nagar, Chennai, Tamil Nadu India 600017, 044 - 2431 0770",Pothys,Pothys
3,Pothys Boutique,600017,Chennai,Chennai,Tamil Nadu,"No.107, GN Chetty Road, T Nagar","Pothys Retail Private Limited, No.107, G.N.Chetty Road, (Next to Vani Mahal) T.Nagar, Chennai, Tamil Nadu India 600017, 044 - 2815 0103",Pothys,Pothys
4,Pothys & Swarna Mahal,600044,Chennai,Chennai,Tamil Nadu,"No.407/7, GST Road, Chrompet","Pothys Retail Private Limited, No.407/7, GST Road, Chrompet, Chennai, Tamil Nadu India 600044, 044-22380120/ 21/ 22",Pothys,Pothys
5,Pothys Padi,600050,Chennai,Chennai,Tamil Nadu,"81, M.T.H. Road, Padi","Pothys Retail Private Limited, 81, M.T.H. Road, Padi, Chennai, Tamil Nadu India 600050, 044-26545333/ 34/ 35",Pothys,Pothys
6,Pothys Coimbatore Town Hall,641001,Coimbatore,Coimbatore,Tamil Nadu,"No.400, Oppanakara Street, Town Hall","Pothys Retail Private Limited, No.400, Oppanakara Street, Town Hall, Coimbatore, Tamil Nadu India 641001",Pothys,Pothys
7,Pothys Coimbatore Gandhipuram,641012,Coimbatore,Coimbatore,Tamil Nadu,"1008, Cross Cut Road, Gandhipuram","Pothys Retail Private Limited, 1008, Cross Cut Road, Gandhipuram, Coimbatore, Tamil Nadu India 641012",Pothys,Pothys
8,Pothys Salem,636009,Salem,Salem,Tamil Nadu,"No.4, Omalur Main Road, TVS Bus Stop, Near New Bus Stand","Pothys Retail Private Limited, No.4, Omalur Main Road, TVS Bus Stop, Near New Bus Stand, Salem, Tamil Nadu India 636009",Pothys,Pothys
9,Pothys Tiruchirappalli,620002,Tiruchirappalli,Tiruchirappalli,Tamil Nadu,"No.159, West Boulevard Road, Tharanallur","Pothys Retail Private Limited, No.159, West Boulevard Road, Tharanallur, Tiruchirappalli, Tamil Nadu India 620002",Pothys,Pothys
10,Pothys Madurai,625001,Madurai,Madurai,Tamil Nadu,"No.159, West Masi Street","Pothys Retail Private Limited, No.159, West Masi Street, Madurai, Tamil Nadu India 625001",Pothys,Pothys
11,Pothys Srivilliputhur,626125,Srivilliputhur,Virudhunagar,Tamil Nadu,"No.25, P.P. Melamada Street","Pothys Retail Private Limited, No.25, P.P. Melamada Street, Srivilliputhur, Tamil Nadu India 626125",Pothys,Pothys
12,Pothys Tirunelveli,627006,Tirunelveli,Tirunelveli,Tamil Nadu,"No.3, North Car Street","Pothys Retail Private Limited, No.3, North Car Street, Tirunelveli, Tamil Nadu India 627006",Pothys,Pothys
13,Pothys Nagercoil,629001,Nagercoil,Kanyakumari,Tamil Nadu,"No.161, K.P. Road, Opp Collector Office","Pothys Retail Private Limited, No.161, K.P. Road, Opposite Collector Office, Nagercoil, Tamil Nadu India 629001",Pothys,Pothys
14,Pothys Puducherry,605001,Puducherry,Puducherry,Puducherry,"No.400, Anna Salai, Near Ram International Hotel","Pothys Retail Private Limited, No.400, Anna Salai, Near Ram International Hotel, Puducherry, Tamil Nadu India 605001, 0413 - 2227333",Pothys,Pothys
15,Pothys Bengaluru Gandhi Nagar,560009,Bengaluru,Bengaluru,Karnataka,"Old No 33 / New No 33, KG Road, Gandhi Nagar","Pothys Retail Private Limited, Old No 33 / New No 33, KG Road, Gandhi Nagar, Bengaluru, Karnataka India 560009",Pothys,Pothys
16,Pothys Bengaluru Mysore Road,560026,Bengaluru,Bengaluru,Karnataka,"No:273, Mysore Road, Kasturba Nagar","Pothys Retail Private Limited, No:273, Mysore Road, Kasturba Nagar, Bengaluru, Karnataka India 560026",Pothys,Pothys
17,Pothys Kochi,682017,Kochi,Ernakulam,Kerala,"KC-65/4875/A, Banerji Road, Kaloor","Pothys Retail Private Limited, KC-65/4875/A, Banerji Road, Kaloor, Kochi, Kerala India 682017",Pothys,Pothys
18,Pothys Thiruvananthapuram MG Road,695001,Thiruvananthapuram,Thiruvananthapuram,Kerala,MG Road,"Pothys Retail Private Limited, M.G. Road, Thiruvananthapuram, Kerala India 695001",Pothys,Pothys
19,Pothys Thiruvananthapuram City Square,695020,Thiruvananthapuram,Thiruvananthapuram,Kerala,Nikunjam City Square,"Pothys Retail Private Limited, Nikunjam City Square, Thiruvananthapuram, Kerala India 695020",Pothys,Pothys
1,The Chennai Shopping Mall - Ameerpet,500016,Hyderabad,Hyderabad,Telangana,"6-3-802, Main Road, Ameerpet","6-3-802, Main Road, The Chennai Shopping Mall, Ameerpet, Hyderabad, Hyderabad, Telangana, 500016",The Chennai Shopping Mall,Marri Retail
2,The Chennai Shopping Mall - AS Rao Nagar,500062,Hyderabad,Rangareddy,Telangana,"Anurag Commercial Complex, Sy No 461–469","Anurag Commercial Complex, 7,8 Sy No.461 To 469, As Rao Nagar, Hyderabad, Rangareddy, Telangana, 500062",The Chennai Shopping Mall,Marri Retail
3,The Chennai Shopping Mall - Chandanagar,500050,Hyderabad,Rangareddy,Telangana,"Sri Ramanjaneya Trade Center, Sy No 305–309","Sri Ramanjaneya Trade Center, 88,89, Sy.No.305 To 309, Sriram Nagar, Chanda Nagar, Rangareddy, Telangana, 500050",The Chennai Shopping Mall,Marri Retail
4,The Chennai Shopping Mall - Davanagere,577002,Davanagere,Davanagere,Karnataka,"Vishal Arcade, PB Road, opp Aruna Theater","828, Aadhaar seva kendra, Vishal arcade, PB Rd, opp. to Aruna Theater, Davanagere, Karnataka 577002",The Chennai Shopping Mall,Marri Retail
5,The Chennai Shopping Mall - Guntur,522007,Guntur,Guntur,Andhra Pradesh,"Arundelpet, 17th Lane Main Road","New Ward No 7, 6-19-18, Arundelpet, Block No 1, 17Th Lane Main Road, Guntur, Guntur, Andhra Pradesh, 522007",The Chennai Shopping Mall,Marri Retail
6,The Chennai Shopping Mall - Hanumakonda,506001,Hanumakonda,Hanumakonda,Telangana,"Plot No 1–3, D No 1-8-542","Plot No. 1,2,3,24, 25, D No 1-8-542, Main Road, Hanamkonda, Hanumakonda, Telangana, 506001",The Chennai Shopping Mall,Marri Retail
7,The Chennai Shopping Mall - Kadapa,516001,Kadapa,Kadapa,Andhra Pradesh,"Opp RTC Bus Stand, Bhagya Nagar Colony","Door No. 42, 347-1-2, opp. RTC Bus Stand, Bhagya Nagar Colony, Kadapa, Andhra Pradesh 516001",The Chennai Shopping Mall,Marri Retail
8,The Chennai Shopping Mall - Karimnagar,505001,Karimnagar,Karimnagar,Telangana,"H No 3-1-829, Court Road","H No 3-1-829,829/1, Christian Colony, Court Road, Karimnagar, Telangana, 505001",The Chennai Shopping Mall,Marri Retail
9,The Chennai Shopping Mall - Khammam,507002,Khammam,Khammam,Telangana,"Khammam Bypass, Khanapuram Haveli","S Y No 287/B,287/E,289/C,289/D, Khammam Bypass, Khammam, Telangana, 507002",The Chennai Shopping Mall,Marri Retail
10,The Chennai Shopping Mall - Kothapet,500035,Hyderabad,Rangareddy,Telangana,"Plot No 104/A,B, Saroor Nagar Village","Plot No.104/A,B, Kothapet, Sy.No.7, Saroor Nagar Village, Hyderabad, Rangareddy, Telangana, 500035",The Chennai Shopping Mall,Marri Retail
11,The Chennai Shopping Mall - KPHB Colony,500072,Hyderabad,Medchal-Malkajgiri,Telangana,"2-22-29/1/7, Main Road, Kukatpally","2-22-29/1/7, Main Road, KPHB Colony, Kukatpally/Hyderabad, Telangana, 500072",The Chennai Shopping Mall,Marri Retail
12,The Chennai Shopping Mall - Mancherial,504208,Mancherial,Mancherial,Telangana,"Market Road, Garmilla Village","Door No 5-113 & 5-114/1, Market Road, Garmilla Village, Mancherial, Telangana, 504208",The Chennai Shopping Mall,Marri Retail
13,The Chennai Shopping Mall - Mahbubnagar,509001,Mahbubnagar,Mahbubnagar,Telangana,Opp Town Hall,"H No 2-5-51, Sheshagiri Rao Compound, Opp Town Hall, Mahbubnagar, Telangana, 509001",The Chennai Shopping Mall,Marri Retail
14,The Chennai Shopping Mall - Miryalaguda,508207,Miryalaguda,Nalgonda,Telangana,Main Road,"19-837, Main Road, Miryalaguda, Nalgonda, Telangana, 508207",The Chennai Shopping Mall,Marri Retail
15,The Chennai Shopping Mall - Nanded,431602,Nanded,Nanded,Maharashtra,"Co-op Industrial Estate, College Road","House Municipal No 1, Co-op Industrial Estate, Plot No 118C, College Road, Nanded, Maharashtra 431602",The Chennai Shopping Mall,Marri Retail
16,The Chennai Shopping Mall - Nizamabad,503001,Nizamabad,Nizamabad,Telangana,"Opp Tilak Garden, Station Road","7-10-910/2/1, Opp Tilak Garden, Station Road, Nizamabad, Telangana, 503001",The Chennai Shopping Mall,Marri Retail
17,The Chennai Shopping Mall - Ongole,523001,Ongole,Prakasam,Andhra Pradesh,"Trunk Road, Gopal Nagar","SY No 117, Door No 2-396, Trunk Rd, Gopal Nagar, Ongole, Andhra Pradesh 523001",The Chennai Shopping Mall,Marri Retail
18,The Chennai Shopping Mall - Patny Center,500003,Secunderabad,Hyderabad,Telangana,"R V Towers, Sarojini Devi Road","R V Towers, 3-1-7 / 3-1-810, Sarojini Devi Road, Secunderabad, Hyderabad, Telangana, 500003",The Chennai Shopping Mall,Marri Retail
19,The Chennai Shopping Mall - Piduguralla,522413,Piduguralla,Palnadu,Andhra Pradesh,—,"FVHW+H9X, Piduguralla, Andhra Pradesh 522413",The Chennai Shopping Mall,Marri Retail
20,The Chennai Shopping Mall - Rajahmundry,533103,Rajamahendravaram,East Godavari,Andhra Pradesh,"RTC Complex Internal Road, Syamala Nagar","RTC Complex Internal Rd, Syamala Nagar, Rajamahendravaram, Andhra Pradesh 533103",The Chennai Shopping Mall,Marri Retail
21,The Chennai Shopping Mall - Raichur,584101,Raichur,Raichur,Karnataka,"Near Hotel Ranjitha Palace, Bus Stand Road","1/9-72-2, Bus Station Rd, near Hotel Ranjitha Palace, Raichur, Karnataka 584101",The Chennai Shopping Mall,Marri Retail
22,The Chennai Shopping Mall - Suchitra,500055,Hyderabad,Medchal-Malkajgiri,Telangana,"Green Park Enclave, Kompally","91,92,93, Green Park Enclave, Suchitra Junction, Kompally, Hyderabad, Telangana 500055",The Chennai Shopping Mall,Marri Retail
23,The Chennai Shopping Mall - Siddipet,502103,Siddipet,Siddipet,Telangana,Main Road / Gandhi Road,"9-2-22/23/24/25, 9-4-34, Main Road, Siddipet, Telangana 502103",The Chennai Shopping Mall,Marri Retail
24,The Chennai Shopping Mall - Tadepalligudem,534101,Tadepalligudem,West Godavari,Andhra Pradesh,Sai Baba Temple Area,"3-18-52, Tadepalligudem, Andhra Pradesh 534101",The Chennai Shopping Mall,Marri Retail
25,The Chennai Shopping Mall - Vijayawada,520010,Vijayawada,Krishna,Andhra Pradesh,"MG Road, Labbipet","38-8-47 & 38-8-2A, MG Road, Labbipet, Vijayawada, Andhra Pradesh 520010",The Chennai Shopping Mall,Marri Retail
26,The Chennai Shopping Mall - Visakhapatnam,530020,Visakhapatnam,Visakhapatnam,Andhra Pradesh,"TSR Complex, Daba Gardens","30-15-76, TSR Complex, Daba Gardens, Visakhapatnam, Andhra Pradesh 530020",The Chennai Shopping Mall,Marri Retail
27,JC Mall - Rajahmundry,533103,Rajamahendravaram,East Godavari,Andhra Pradesh,"Plot no: 78-1-3/2, Syamala Nagar, Gandhipuram","Plot no: 78-1-3/2, Syamala Nagar, Gandhipuram, Rajamahendravaram, Andhra Pradesh 533103",JC Mall,Marri Retail
28,JC Mall - Kakinada,533001,Kakinada,Kakinada,Andhra Pradesh,"13-1-13, Ramaiah Street, Main Rd, opp. ICICI Bank Suryaraopet","13-1-13, Ramaiah Street, Main Rd, opp. ICICI Bank Suryaraopet, Kakinada, Andhra Pradesh 533001",JC Mall,Marri Retail
29,JC Mall - Nellore,524003,Nellore,Nellore,Andhra Pradesh,"Door No 23/983, Dandayudhapuram, Trunk Rd, VRC Centre","Door No 23/983, Dandayudhapuram, Trunk Rd, VRC Centre, Nellore, Andhra Pradesh 524003",JC Mall,Marri Retail
30,JC Brothers - Zaheerabad,502220,Zaheerabad,Medak,Telangana,"2-1-9, Central Mall, NH9","2-1-9, Central Mall, Nh9, Zaheerabad, Medak, Telangana, 502220",JC Brothers,Marri Retail
31,JC Brothers - Dilsukhnagar,500060,Hyderabad,Rangareddy,Telangana,"16-11-515/A/1,2,15, TS No.3, TNRS Yelishla Complex, Gaddiannaram, DSNR","16-11-515/A/1,2, 15,Ts No.3, Tnrs Yelishla Complex, Gaddiannaram,Dsnr,Hyderabad, Rangareddy, Telangana, 500060",JC Brothers,Marri Retail
1,Kalamandir - Patny,500003,Secunderabad,Hyderabad,Telangana,"H no. 1, Taj Tristar Building, Vasavi Towers, 1-40, Sarojini Devi Rd, Kalasiguda","H no. 1, Taj Tristar Building, Vasavi Towers, 1-40, Sarojini Devi Rd, Krishna Complex, Kalasiguda, Secunderabad, Telangana 500003",Kalamandir,SSKL Ltd
2,Kalamandir (KPHB),500072,Hyderabad,Hyderabad,Telangana,"2-22-299-1, PRR Estate, 7-A, KPHB Main Rd, Kukatpally","2-22-299-1, PRR Estate, 7-A, KPHB Main Rd, Hmt Sathavahana Nagar, Kukatpally, Hyderabad, Telangana 500072",Kalamandir,SSKL Ltd
3,Kalamandir Kalyan Nagar,560043,Bengaluru,Bengaluru,Karnataka,"5AC, 404, Hennur Main Rd, HRBR Layout 2nd Block","5AC, 404, Hennur Main Rd, HRBR Layout 2nd Block, HRBR Layout, Kacharakanahalli, Bengaluru, Karnataka 560043",Kalamandir,SSKL Ltd
4,Kalamandir Marathahalli ORR,560037,Bengaluru,Bengaluru,Karnataka,"Ward No. 85, 1/24, near Outer Ring Road, Anand Nagar","Ward No. 85, 1/24, Taluk, near Marathahalli - Sarjapur Outer Ring Road, Anand Nagar, East, K. R. Puram Hobli, Bengaluru, Karnataka 560037",Kalamandir,SSKL Ltd
5,Kalamandir - Chickpet,560053,Bengaluru,Bengaluru,Karnataka,"202, D. M. Arcade, Chickpet Rd, Ragipet, Mamulpet","202, D. M. Arcade, Chickpet Rd, Ragipet, Mamulpet, Chickpet, Bengaluru, Karnataka 560053",Kalamandir,SSKL Ltd
6,Kalamandir - Kakinada,533001,Kakinada,Kakinada,Andhra Pradesh,"#13-1, 31/1, Main Rd, opp. Town Hall, G O Colony","# 13-1, 31/1, Main Rd, opp. Town Hall, G O Colony, Kakinada, Andhra Pradesh 533001",Kalamandir,SSKL Ltd
7,Kalamandir - Vijayawada,520002,Vijayawada,Krishna,Andhra Pradesh,"#27, 16-61, Besant Rd, Governor Peta","#27, 16-61, Besant Rd, Governor Peta, Vijayawada, Andhra Pradesh 520002",Kalamandir,SSKL Ltd
8,Kalamandir - Vizag,530003,Visakhapatnam,Visakhapatnam,Andhra Pradesh,"10-1-41/1, Waltair Uplands, Asilmetta","10-1-41/1, Waltair Uplands, Asilmetta, Visakhapatnam, Andhra Pradesh 530003",Kalamandir,SSKL Ltd
9,Kalamandir - Rajamahendravaram,533101,Rajamahendravaram,East Godavari,Andhra Pradesh,"#11-13-6, Beside Fort Gate Main Road, Kotagummam","# 11-13-6 Beside Fort Gate Main Road Kota gummam, Mangalavaripeta, Rajamahendravaram, Andhra Pradesh 533101",Kalamandir,SSKL Ltd
10,Kalamandir - Kanakapura,560062,Bengaluru,Bengaluru,Karnataka,"46/2B and 49.1, Kanakapura Main Rd, Konanakunte","46/2B and 49.1, Kanakapura Main Rd, Venkatareddy Layout, Dodakallasandra village, Konanakunte, Bengaluru, Karnataka 560062",Kalamandir,SSKL Ltd
11,Brand Mandir - Jubilee Hills,500033,Hyderabad,Hyderabad,Telangana,"Plot No 1165, Road No 56, G Ram Reddy Marg, Jubilee Hills","Plot No 1165, RoadNo 56, G Ram Reddy Marg, Jubilee Hills, Hyderabad, Telangana 500033",Brand Mandir,SSKL Ltd
12,Brand Mandir - Banjara Hills,500034,Hyderabad,Hyderabad,Telangana,"No. 8, 2-608/12, Rd No 10, Near Star Hospital, Gaffar Khan Colony, Banjara Hills","No. 8, 2-608/12, Rd Number 10, Near Star Hospital, Gaffar Khan Colony, Banjara Hills, Hyderabad, Telangana 500034",Brand Mandir,SSKL Ltd
13,Brand Mandir - Khajaguda,500089,Hyderabad,Hyderabad,Telangana,"Inside ARKA Rochish Manikonda, Khajaguda–Nanakramguda Rd, Sai Vaibhav Layout, Chitrapuri Colony, Gachibowli","Inside ARKA Rochish Manikonda, Khajaguda - Nanakramguda Rd, opposite Andhra Bank, Sai Vaibhav Layout, Chitrapuri Colony, Gachibowli, Hyderabad, Telangana 500089, India",Brand Mandir,SSKL Ltd
14,"KLM Fashion Mall - Ameerpet, Hyderabad",500016,Hyderabad,Hyderabad,Telangana,"H.No:6-3-781/6/1A, Near Ameerpet Bus Stop, Ameerpet, Punjagutta Officers Colony","H.No:6-3-781/6/1A, Near Ameerpet Bus Stop, Ameerpet, Punjagutta Officers Colony, Hyderabad, Telangana 500016",KLM Fashion Mall,SSKL Ltd
15,"KLM Fashion Mall - Chandanagar, Hyderabad",500050,Hyderabad,Hyderabad,Telangana,"Gangaram, Engineers Enclave, Chanda Nagar","Gangaram, Engineers Enclave, Chanda Nagar, Hyderabad, Telangana 500050",KLM Fashion Mall,SSKL Ltd
16,"KLM Fashion Mall - Kukatpally, Hyderabad",500085,Hyderabad,Medchal-Malkajgiri,Telangana,"MIG First Phase, KPHB Colony, Dharma Reddy Colony Phase I","MIG First Phase, KPHB Colony, Next To Malabar Gold, Dharma Reddy Colony Phase I, Kukatpally, Hyderabad, Telangana 500085",KLM Fashion Mall,SSKL Ltd
17,"KLM Fashion Mall - AS Rao Nagar, Hyderabad",500062,Hyderabad,Medchal-Malkajgiri,Telangana,"Plot No.1 & 2, Anupuram, ECIL","Plot No.1 & 2, Anupuram, ECIL, Dr AS Rao Nagar, Hyderabad, Telangana 500062",KLM Fashion Mall,SSKL Ltd
18,"KLM Fashion Mall - Patny, Hyderabad",500003,Secunderabad,Hyderabad,Telangana,"RP Rd, opp. Indian Post Office, Kummari Guda, Shivaji Nagar","RP Rd, opp. Indian Post Office, Kummari Guda, Shivaji Nagar, Secunderabad, Telangana 500003",KLM Fashion Mall,SSKL Ltd
19,"KLM Fashion Mall - Boduppal, Hyderabad",500098,Hyderabad,Medchal-Malkajgiri,Telangana,"Plot No.1, Survey no.102, opp. Tulip Grand Hotel, Om Vihar Colony","Plot No.1, Survey no.102, opp. Tulip Grand Hotel, Om Vihar Colony, Medipally, Peerzadiguda, Hyderabad, Telangana 500098",KLM Fashion Mall,SSKL Ltd
20,"KLM Fashion Mall - Vanasthalipuram, Hyderabad",500070,Hyderabad,Hyderabad,Telangana,"Plot no.54, Agamaiah Colony, Chintalakunta","Plot no.54, Agamaiah colony, Chintalakunta, Vanasthalipuram, Hyderabad, Telangana 500070",KLM Fashion Mall,SSKL Ltd
21,"KLM Fashion Mall - Dilsukhnagar, Hyderabad",500035,Hyderabad,Hyderabad,Telangana,"NH 65, Beside RS Brothers, Gaddiannaram","National Highway 65 Beside RS Brothers Gaddiannadram, Dilsukhnagar, Hyderabad, Telangana 500035",KLM Fashion Mall,SSKL Ltd
22,"KLM Fashion Mall - Suchitra, Hyderabad",500067,Hyderabad,Medchal-Malkajgiri,Telangana,"NH 44, Green Park, Jeedimetla","NH 44, Green Park, Jeedimetla, Hyderabad, Telangana 500067",KLM Fashion Mall,SSKL Ltd
23,KLM Fashion Mall - Khammam,507001,Khammam,Khammam,Telangana,"H. No: 9-11-153, 154, 155, Kasba Bazar","H. No: 9-11-153,154,155, Kasba Bazar, Khammam, Telangana 507001",KLM Fashion Mall,SSKL Ltd
24,KLM Fashion Mall - Visakhapatnam,530020,Visakhapatnam,Visakhapatnam,Andhra Pradesh,"No 28-2-52, Mothi Towers, Suryabagh, Jagadamba Junction","No 28-2-52, Mothi Towers, Suryabagh, Jagadamba Junction, Visakhapatnam, Andhra Pradesh 530020, India",KLM Fashion Mall,SSKL Ltd
25,KLM Fashion Mall - Nellore,524001,Nellore,Nellore,Andhra Pradesh,"16/112, Trunk Rd, Pogathota","16/112, Trunk Rd, Pogathota, Nellore, Andhra Pradesh 524001, India",KLM Fashion Mall,SSKL Ltd
26,KLM Fashion Mall - Rajahmundry,533103,Rajamahendravaram,East Godavari,Andhra Pradesh,"Srinivas Nagar, Gandhipuram","Srinivas Nagar, Gandhipuram, Rajahmundry, Andhra Pradesh 533103, India",KLM Fashion Mall,SSKL Ltd
27,KLM Fashion Mall - Bhimavaram,534201,Bhimavaram,West Godavari,Andhra Pradesh,Mavullamma Temple Street,"Mavullamma temple street, Bhimavaram, Andhra Pradesh 534201, India",KLM Fashion Mall,SSKL Ltd
28,"KLM Fashion Mall - Gajuwaka, Andhra Pradesh",530026,Visakhapatnam,Visakhapatnam,Andhra Pradesh,"10-8-11/2, near CMR Shopping Mall","10-8-11/2, near CMR Shopping Mall, Gajuwaka, Visakhapatnam, Andhra Pradesh 530026",KLM Fashion Mall,SSKL Ltd
29,"KLM Fashion Mall - Marathahalli, Bengaluru",560037,Bengaluru,Bengaluru,Karnataka,"518, Varthur Rd, Marathahalli Village","518, Varthur Rd, Marathahalli Village, Marathahalli, Bengaluru, Karnataka 560037",KLM Fashion Mall,SSKL Ltd
30,"KLM Fashion Mall - HSR Layout, Bengaluru",560102,Bengaluru,Bengaluru,Karnataka,"#1676, 27th Main Rd, 22nd Cross, 2nd Sector","#1676, 27th Main Road, 22nd Cross Rd, 2nd Sector, HSR Layout, Bengaluru, Karnataka 560102",KLM Fashion Mall,SSKL Ltd
31,"KLM Fashion Mall - Jayanagar, Bengaluru",560041,Bengaluru,Bengaluru,Karnataka,"No 515, 47th Cross Rd, 5th Block","No 515, 47th Cross Rd, 5th Block, Jayanagar, Bengaluru, Karnataka 560041",KLM Fashion Mall,SSKL Ltd
32,"Kancheepuram Varamahalakshmi Silks - Saroornagar, Hyderabad",500060,Hyderabad,Hyderabad,Telangana,"#13, 20-66, Saroornagar, Kodandaram Nagar","#13, 20-66, Saroornagar, Kodandaram Nagar, Telangana 500060",Kancheepuram Varamahalakshmi Silks,SSKL Ltd
33,"Kancheepuram Varamahalakshmi Silks - Kukatpally, Hyderabad",500072,Hyderabad,Hyderabad,Telangana,"Hmt Sathavahana Nagar, Kukatpally","Hmt Sathavahana Nagar, Kukatpally, Hyderabad, Telangana 500072",Kancheepuram Varamahalakshmi Silks,SSKL Ltd
34,"Kancheepuram Varamahalakshmi Silks - Jubilee Hills, Hyderabad",500033,Hyderabad,Hyderabad,Telangana,"1168, Road No 56, Jubilee Hills","1168, Road No : 56, Jubilee Hills, Hyderabad, Telangana 500033",Kancheepuram Varamahalakshmi Silks,SSKL Ltd
35,"Kancheepuram Varamahalakshmi Silks - Jubilee Hills (Garudadri), Hyderabad",500033,Hyderabad,Hyderabad,Telangana,"Malik Solitaire, Plot no.701 & 701-II, Road No 36","Shop no.3, Malik Solitaire, H.no.8-2-293/82/A/701, Plot no.701 & 701-II, Road No. 36, Aditya Enclave, Venkatagiri, Jubilee Hills, Hyderabad, Telangana 500033",Kancheepuram Varamahalakshmi Silks,SSKL Ltd
36,"Kancheepuram Varamahalakshmi Silks - Patny Centre, Secunderabad",500003,Secunderabad,Hyderabad,Telangana,"Sonabhan Commercial Complex, Rashtrapati Rd","no 1-1-92to94, sonabhan commercial complex, Rashtrapati Rd, Kummari Guda, Shivaji Nagar, Hyderabad, Secunderabad, Telangana 500003",Kancheepuram Varamahalakshmi Silks,SSKL Ltd
37,"Kancheepuram Varamahalakshmi Silks - Ameerpet, Hyderabad",500016,Hyderabad,Hyderabad,Telangana,"Pavani Prestige Complex, Punjagutta Officers Colony","ground floor, Pavani Prestige Complex, 6-3-789, Punjagutta Officers Colony, Ameerpet, Hyderabad, Telangana 500016",Kancheepuram Varamahalakshmi Silks,SSKL Ltd
38,"Kancheepuram Varamahalakshmi Silks - AS Rao Nagar, Hyderabad",500062,Hyderabad,Medchal-Malkajgiri,Telangana,"Ground Floor, Dr A S Rao Nagar","shop No: 1, Ground Floor, 6-1, Road, Dr. A. S. Rao Nagar, Secunderabad, Telangana 500062",Kancheepuram Varamahalakshmi Silks,SSKL Ltd
39,"Kancheepuram Varamahalakshmi Silks - Chandanagar, Hyderabad",500050,Hyderabad,Hyderabad,Telangana,"KLM Fashion Mall, Survey No 315/2","Ground Floor of, KLM Fashion Mall, Survey No:315/2, Chanda Nagar, Hyderabad, Telangana 500050",Kancheepuram Varamahalakshmi Silks,SSKL Ltd
40,Kancheepuram Varamahalakshmi Silks - Khammam (Kasba Bazar),507001,Khammam,Khammam,Telangana,"Ali & Son's Commercial Complex, Kasba Bazar","Ali&Son's Commercial complex, 9-4-209, Kasba Bazar, Braman Bazar, Nizampet, Khammam, Telangana 507001",Kancheepuram Varamahalakshmi Silks,SSKL Ltd
41,Kancheepuram Varamahalakshmi Silks - Khammam (Bypass Rd),507002,Khammam,Khammam,Telangana,"Vijaynagar Colony 2, Bank Colony","1-13, Bypass Rd, Vijaynagar Colony 2, Bank Colony, Khammam, Telangana 507002",Kancheepuram Varamahalakshmi Silks,SSKL Ltd
42,Kancheepuram Varamahalakshmi Silks - Vijayawada,520010,Vijayawada,Krishna,Andhra Pradesh,"39-17-10, Sivanandam Street, Labbipet","39-17-10, Sivanandam Street, Mogalrajapuram, Labbipet, Vijayawada, Andhra Pradesh 520010",Kancheepuram Varamahalakshmi Silks,SSKL Ltd
43,Kancheepuram Varamahalakshmi Silks - Nellore,524003,Nellore,Nellore,Andhra Pradesh,"Plot no 5, Mini Bypass Rd, Guduru Layout","Konda Balarami Reddy Layout, Plot no:5, Mini Bypass Road, Guduru BhaskaraRami Reddy Layout, Nellore, Andhra Pradesh 524003",Kancheepuram Varamahalakshmi Silks,SSKL Ltd
44,Kancheepuram Varamahalakshmi Silks - Rajahmundry,533101,Rajamahendravaram,East Godavari,Andhra Pradesh,"Pushkar Ghat Circle, Mangalavaripeta","10-1-24, Pushkar Ghat Cir, Mangalavaripeta, Rajamahendravaram, Andhra Pradesh 533101",Kancheepuram Varamahalakshmi Silks,SSKL Ltd
45,Kancheepuram Varamahalakshmi Silks - Guntur,522007,Guntur,Guntur,Andhra Pradesh,"MIG-7, 3rd Line, Lakshmipuram","MIG-7, 3rd Line, Lakshmipuram, APHB Colony, Guntur, Andhra Pradesh 522007",Kancheepuram Varamahalakshmi Silks,SSKL Ltd
46,Kancheepuram Varamahalakshmi Silks - Bhimavaram,534201,Bhimavaram,West Godavari,Andhra Pradesh,"Satya Sai Plaza, Temple Street","Satya Sai Plaza, D.No-22-07-27, Sri Mavullamma Temple Street, Bhimavaram, Andhra Pradesh 534201",Kancheepuram Varamahalakshmi Silks,SSKL Ltd
47,Kancheepuram Varamahalakshmi Silks - Tadepalligudem,534101,Tadepalligudem,West Godavari,Andhra Pradesh,"Near RTC Complex, Housing Board Colony","near RTC Complex, Housing Board Colony, Kadakatla, Andhra Pradesh 534101",Kancheepuram Varamahalakshmi Silks,SSKL Ltd
48,Kancheepuram Varamahalakshmi Silks - Tirupati,517501,Tirupati,Tirupati,Andhra Pradesh,"Door no.19, Air Bypass Rd, Bairagi Patteda","Door no.19, 8/112/5C, Air Bypass Rd, Bairagi patteda, Tirupati, Andhra Pradesh 517501",Kancheepuram Varamahalakshmi Silks,SSKL Ltd
49,Kancheepuram Varamahalakshmi Silks - Kakinada,533001,Kakinada,Kakinada,Andhra Pradesh,"Ayyappa Towers, Subhash Rd, Surya Rao Peta","No, 13/1, Ayyappa Towers -5, Subhash Rd, Surya Rao Peta, Kakinada, Andhra Pradesh 533001",Kancheepuram Varamahalakshmi Silks,SSKL Ltd
50,"Kancheepuram Varamahalakshmi Silks - Mylapore, Chennai",600004,Chennai,Chennai,Tamil Nadu,"152, Luz Church Rd, Mylapore","VARAMAHALAKHSMI SILKS Sai Silks (Kalamandir) Limited 152, Luz Church Rd, Mylapore, Chennai, Tamil Nadu 600004",Kancheepuram Varamahalakshmi Silks,SSKL Ltd
51,Kancheepuram Varamahalakshmi Silks - Kanchipuram,631501,Kanchipuram,Kanchipuram,Tamil Nadu,"16, Gandhi Rd","16, Gandhi Rd, Kanchipuram, Tamil Nadu 631501",Kancheepuram Varamahalakshmi Silks,SSKL Ltd
52,"Kancheepuram Varamahalakshmi Silks - Anna Nagar, Chennai",600040,Chennai,Chennai,Tamil Nadu,"AB 149, Anna Nagar 3rd Main Rd","AB 149, Anna Nagar 3rd Main Rd, Anna Nagar, Chennai, Tamil Nadu 600040",Kancheepuram Varamahalakshmi Silks,SSKL Ltd
53,"Kancheepuram Varamahalakshmi Silks - T Nagar, Chennai",600017,Chennai,Chennai,Tamil Nadu,"No 102, Sir Thyagaraya Rd","No - 102, 1, Sir Thyagaraya Rd, T Nagar, Chennai, Tamil Nadu 600017",Kancheepuram Varamahalakshmi Silks,SSKL Ltd
54,Kancheepuram Varamahalakshmi Silks - Coimbatore (100 ft Rd),641012,Coimbatore,Coimbatore,Tamil Nadu,"AP Towers, Dr Rajendra Prasad Rd","AP Towers, 374, Dr Rajendra Prasad Rd, Coimbatore, Tamil Nadu 641012",Kancheepuram Varamahalakshmi Silks,SSKL Ltd
55,Kancheepuram Varamahalakshmi Silks - Coimbatore (Race Course),641018,Coimbatore,Coimbatore,Tamil Nadu,"No 184/1, Race Course Rd","No-184/1, Race Course Rd, Coimbatore, Tamil Nadu 641018",Kancheepuram Varamahalakshmi Silks,SSKL Ltd
56,Kancheepuram Varamahalakshmi Silks - Poonamallee,600056,Chennai,Chennai,Tamil Nadu,"780, Trunk Rd, Rukmani Nagar","780, Trunk Rd, Poonamallee, Chennai, Tamil Nadu 600056",Kancheepuram Varamahalakshmi Silks,SSKL Ltd
57,Kancheepuram Varamahalakshmi Silks - Purasaiwakkam,600084,Chennai,Chennai,Tamil Nadu,"25/E, Raja Annamalai Rd","25/E, Raja Annamalai Rd, Purasaiwakkam, Chennai, Tamil Nadu 600084",Kancheepuram Varamahalakshmi Silks,SSKL Ltd
58,Kancheepuram Varamahalakshmi Silks - Salem,636455,Salem,Salem,Tamil Nadu,"Dharmapuri Main Rd, Panjakalipatti","Q285+CQ9, Dharmapuri Main Rd, Panjakalipatti, Tamil Nadu 636455",Kancheepuram Varamahalakshmi Silks,SSKL Ltd
59,"Kancheepuram Varamahalakshmi Silks - Swarnapuri, Salem",636004,Salem,Salem,Tamil Nadu,"Omalur Main Rd, Swarnapuri","Opp. New Bus Stand, 4 Roads Circle, Omalur Main Rd, Swarnapuri, Salem, Tamil Nadu 636004",Kancheepuram Varamahalakshmi Silks,SSKL Ltd
60,Kancheepuram Varamahalakshmi Silks - Hosur,635126,Hosur,Krishnagiri,Tamil Nadu,"STEP Colony, Amirtha Nagar","986, STEP Colony, Amirtha Nagar, Hosur, Tamil Nadu 635126",Kancheepuram Varamahalakshmi Silks,SSKL Ltd
61,Kancheepuram Varamahalakshmi Silks - Madurai,625107,Madurai,Madurai,Tamil Nadu,"Melur Main Rd, Uthangudi","Ground Floor and First Floor, R.S, 28/5B, Melur Main Rd, Uthangudi, Madurai, Tamil Nadu 625107",Kancheepuram Varamahalakshmi Silks,SSKL Ltd
62,Kancheepuram Varamahalakshmi Silks - Adyar,600020,Chennai,Chennai,Tamil Nadu,"1st Ave, Indira Nagar","1st Ave, Indira Nagar, Adyar, Chennai, Tamil Nadu 600020",Kancheepuram Varamahalakshmi Silks,SSKL Ltd
63,Kancheepuram Varamahalakshmi Silks - Tiruchirappalli,620018,Tiruchirappalli,Tiruchirappalli,Tamil Nadu,"ST MP Complex, Shastri Rd","ST MP Complex, B-26, Shastri Rd, Tennur, Tiruchirappalli, Tamil Nadu 620018",Kancheepuram Varamahalakshmi Silks,SSKL Ltd
64,Kancheepuram Varamahalakshmi Silks - Pondicherry,605011,Puducherry,Puducherry,Puducherry,Anna Salai,"WRQG+VHC, Anna Salai, Subbarayapillai Chathiram, Puducherry, 605011",Kancheepuram Varamahalakshmi Silks,SSKL Ltd
65,"Kancheepuram Varamahalakshmi Silks - Jayanagar, Bengaluru",560041,Bengaluru,Bengaluru,Karnataka,"46th Cross Rd, 9th Main Rd","46th Cross Road, 33, 9th Main Rd, J P Nagar, Bengaluru, Karnataka 560041",Kancheepuram Varamahalakshmi Silks,SSKL Ltd
66,"Kancheepuram Varamahalakshmi Silks - Malleshwaram, Bengaluru",560003,Bengaluru,Bengaluru,Karnataka,"143, 8th Cross Rd, Margosa Rd","143, 8th Cross Road, Margosa Rd, Malleshwaram, Bengaluru, Karnataka 560003",Kancheepuram Varamahalakshmi Silks,SSKL Ltd
67,"Kancheepuram Varamahalakshmi Silks - Chickpet, Bengaluru",560053,Bengaluru,Bengaluru,Karnataka,"No. 245 & 246, AS Char St","No. 245 & 246, AS Char St, Chickpet, Bengaluru, Karnataka 560053",Kancheepuram Varamahalakshmi Silks,SSKL Ltd
68,Kancheepuram Varamahalakshmi Silks - Tumkur,572101,Tumakuru,Tumakuru,Karnataka,"Naja Jyothi Arcade, K R Extension","Site No. 17, Naja Jyothi Arcade, K R Extension, Tumkur, Karnataka 572101",Kancheepuram Varamahalakshmi Silks,SSKL Ltd
69,Kancheepuram Varamahalakshmi Silks - Davangere,577004,Davangere,Davangere,Karnataka,"Dental College Rd, MCC B Block","2659/2, Dental College Rd, MCC B Block, Davangere, Karnataka 577004",Kancheepuram Varamahalakshmi Silks,SSKL Ltd
70,Kancheepuram Varamahalakshmi Silks - Mysore,570002,Mysuru,Mysuru,Karnataka,Gokulam Main Rd,"Situated at - 2906 New no 5 2 & 5/3, Gokulam Main Rd, Mysuru, Karnataka 570002",Kancheepuram Varamahalakshmi Silks,SSKL Ltd
1,RS Brothers - Ameerpet,500082,Hyderabad,Hyderabad,Telangana,"211, 2nd Floor, Pavani Prestige, Ameerpet Rd, Punjagutta Officers Colony, Punjagutta","211, 2nd Floor, Pavani Prestige, Ameerpet Rd, Punjagutta Officers Colony, Punjagutta, Hyderabad, Telangana 500082, India",RS Brothers,RS Brothers
2,RS Brothers - Attapur,500048,Hyderabad,Hyderabad,Telangana,"Inner Ring Rd, Attapur, Somi Reddy Nagar, Radha Krishna Nagar","Inner Ring Rd, Attapur, Somi Reddy Nagar, Radha Krishna Nagar, Hyderabad, Telangana 500048, India",RS Brothers,RS Brothers
3,RS Brothers - Chandha Nagar,500050,Hyderabad,Hyderabad,Telangana,"2-105/2/1, NH 65, Sri Ram Nagar Colony, Chanda Nagar","2-105/2/1, NH 65, Sri Ram Nagar Colony, Chanda Nagar, Hyderabad, Telangana 500050, India",RS Brothers,RS Brothers
4,RS Brothers - Dilsukh Nagar,500060,Hyderabad,Hyderabad,Telangana,"16-11-515/1/B, KP Complex, Main Road, beside Venkataadri Cinema, Gaddiannaram, Madhura Puri Colony","16-11-515/1/B, KP Complex, Main Road, beside Venkataadri Cinema, Gaddiannaram, Madhura Puri Colony, Hyderabad, Telangana 500060, India",RS Brothers,RS Brothers
5,RS Brothers - Eluru,520002,Vijayawada,Krishna,Andhra Pradesh,"Besant Road, Eluru Rd, Governor Peta","Besant Rd, Eluru Rd, Governor Peta, Vijayawada, Andhra Pradesh 520002, India",RS Brothers,RS Brothers
6,RS Brothers - Gachibowli,500032,Hyderabad,Hyderabad,Telangana,"203, Old Mumbai Hwy, near Cyberabad Police Commissionerate, Diamond Hills, HITEC City","203, Old Mumbai Hwy, near Cyberabad Police Commissionerate, Diamond Hills, Jayabheri Pine Valley, HITEC City, Hyderabad, Telangana 500032, India",RS Brothers,RS Brothers
7,RS Brothers - Guntur,522001,Guntur,Guntur,Andhra Pradesh,"12-26-16, Madras Guntur Rd, Kothapeta","12-26-16, Madras Guntur Rd, Kothapeta, Guntur, Andhra Pradesh 522001, India",RS Brothers,RS Brothers
8,RS Brothers - Kakinada,533001,Kakinada,Kakinada,Andhra Pradesh,"28-1-2, Ragampet, Suryanarayan Puram","28-1-2, Ragampet, Suryanarayan Puram, Kakinada, Andhra Pradesh 533001, India",RS Brothers,RS Brothers
9,RS Brothers - Kukatpally,500072,Hyderabad,Hyderabad,Telangana,"Travels Road, 225 & 226, Rd No. 2, opposite City Bus Stop, KPHB Phase 1","Travels Road, 225 & 226, Rd Number 2, opposite City Bus Stop, Kukatpally Housing Board Colony, KPHB Phase 1, Kukatpally, Hyderabad, Telangana 500072, India",RS Brothers,RS Brothers
10,RS Brothers - Mehdipatnam,500006,Hyderabad,Hyderabad,Telangana,"12-2-799/16/A/1, Pillar No.24, Mehdipatnam Rd, Ambedkar Colony, Gudimalkapur","12-2-799/16/A/1, Pillar No.24, Mehdipatnam Rd, Ambedkar Colony, Gudimalkapur, Hyderabad, Telangana 500006, India",RS Brothers,RS Brothers
11,RS Brothers - Nanded,431602,Nanded,Nanded,Maharashtra,"Shop No: 29-30, Mahatma Phule Market, College Rd, Ravindra Nagar, Vishnu Nagar","Shop No: 29-30, Mahatma Phule Market, College Rd, Ravindra Nagar, Vishnu Nagar, Nanded, Maharashtra 431602, India",RS Brothers,RS Brothers
12,RS Brothers - Nizamabad,503001,Nizamabad,Nizamabad,Telangana,"Rashtrapati Road, NH 63, Kumar Gali","Rashtrapati Rd, NH 63, Kumar Gali, Nizamabad, Telangana 503001, India",RS Brothers,RS Brothers
13,RS Brothers - Nellore,524001,Nellore,Nellore,Andhra Pradesh,"16/1/617, Grand Trunk Road, Brindavan Colony, Pogathota","16/1/617, Grand Trunk Road, Brindavan Colony, Pogathota, Nellore, Andhra Pradesh 524001, India",RS Brothers,RS Brothers
14,RS Brothers - Tirupati,517501,Tirupati,Tirupati,Andhra Pradesh,"Hanuman Temple St, Tata Nagar","Hanuman Temple St, Tata Nagar, Tirupati, Andhra Pradesh 517501, India",RS Brothers,RS Brothers
15,RS Brothers - Vanasthalipuram,500070,Hyderabad,Hyderabad,Telangana,"Panama Godowns, NH 65, Golden Tobacco Colony, Prashanth Nagar, Chintalkunta","Panama Godowns, NH 65, Golden Tobacco Colony, Prashanth Nagar, Chintalkunta, Telangana 500070, India",RS Brothers,RS Brothers
16,RS Brothers - Warangal,506002,Warangal,Warangal,Telangana,"Gourishankar Complex, 7-164, Station Rd, Girmajipet","Gourishankar Complex, 7-164, Station Rd, Girmajipet, Warangal, Telangana 506002, India",RS Brothers,RS Brothers
17,RS Brothers - Vijayawada,520010,Vijayawada,Krishna,Andhra Pradesh,"40-1-44 MG Road, Labbipet, Venkateshwarapuram, Revenue Colony Park, Sidhartha Nagar","40-1-44 MG Road, Labbipet, Venkateshwarapuram, Revenue Colony Park, Sidhartha Nagar, Vijayawada, Andhra Pradesh 520010, India",RS Brothers,RS Brothers
18,RS Brothers - Visakhapatnam,530020,Visakhapatnam,Visakhapatnam,Andhra Pradesh,"28-2-48-1 Jagadamba Centre, Suryabagh, Jagadamba Junction","28-2-48-1 Jagadamba Centre, Suryabagh, Jagadamba Junction, Visakhapatnam, Andhra Pradesh 530020, India",RS Brothers,RS Brothers
19,South India Shopping Mall - Abids,500001,Hyderabad,Hyderabad,Telangana,"Abids Road, Fateh Maidan, Abids","Abids Road, Fateh Maidan, Abids, Hyderabad, Telangana 500001",South India Shopping Mall,RS Brothers
20,South India Shopping Mall - Amalapuram,533201,Amalapuram,East Godavari,Andhra Pradesh,"D. no. 5-3-94, 94/A, Sy. no. 456/2","D. no. 5-3-94, 94/A, Sy. no. 456/2, Amalapuram, East Godavari District, Amalapuram, Andhra Pradesh - 533201",South India Shopping Mall,RS Brothers
21,South India Shopping Mall - Anantapur,515001,Anantapur,Anantapur,Andhra Pradesh,"14-113, Adimurthy Nagar, Kamalanagar","14-113, Adimurthy Nagar, Kamalanagar, Anantapur, Andhra Pradesh - 515001",South India Shopping Mall,RS Brothers
22,South India Shopping Mall - Ameerpet,500016,Hyderabad,Hyderabad,Telangana,"Imperial Towers, 7-1-617/A, Ameerpet Rd","Imperial Towers, 7-1-617/A, Ameerpet Rd, Hyderabad, Telangana - 500016",South India Shopping Mall,RS Brothers
23,South India Shopping Mall - Attapur,500048,Hyderabad,Hyderabad,Telangana,"Plot no. 249–252, Rajendra Nagar Main Road","Plot no. 249 to 252, Sy. no. 369, Pillar no. 152 Rajendra Nagar Main Road, Attapur, Hyderabad, Telangana - 500048",South India Shopping Mall,RS Brothers
24,South India Shopping Mall - Kothapet,500035,Hyderabad,Hyderabad,Telangana,"GHMC No 11-13-1428/3, NH9, Margadarsi Colony","GHMC No 11-13-1428/3- NH9, Plot No. 8, 9 & 10 Sy.No.7-C, Margadarsi Colony, Kothapet, Dilshuknagar, Hyderabad, Telangana - 500035",South India Shopping Mall,RS Brothers
25,South India Shopping Mall - KPHB,500072,Hyderabad,Medchal-Malkajgiri,Telangana,"Plot no. 17–20, Kukatpally Village","Plot no. 17 to 20, Sy. no. 166/P, Kukatpally Village, Balanagar Mandal, Kukatpally, Hyderabad, Telangana - 500072",South India Shopping Mall,RS Brothers
26,South India Shopping Mall - Khammam,507001,Khammam,Khammam,Telangana,H. No. 8-3-201/1 Wyra Road,"H. No. 8-3-201/1 Wyra road, Khammam, Telangana - 507001",South India Shopping Mall,RS Brothers
27,South India Shopping Mall - Eluru,534002,Eluru,West Godavari,Andhra Pradesh,"MDR77, Chanikyapuri Colony, Powerpet","MDR77, Chanikyapuri Colony, Powerpet, Eluru, Andhra Pradesh - 534002",South India Shopping Mall,RS Brothers
28,South India Shopping Mall - Gachibowli,500032,Hyderabad,Hyderabad,Telangana,"Plot no. 189–198, Survey no. 50","Plot no. 189 to 198, Survey no. 50, Gachibowli, Hyderabad, Telangana - 500032",South India Shopping Mall,RS Brothers
29,South India Shopping Mall - Guntur,522002,Guntur,Guntur,Andhra Pradesh,"D. no. 93, Main Rd, Brodipet","D. no. 93, Main Rd, beside Hotel Grand Nagarjuna, Brodipet, Guntur, Andhra Pradesh - 522002",South India Shopping Mall,RS Brothers
30,South India Shopping Mall - Guntur (Lalapet),522001,Guntur,Guntur,Andhra Pradesh,"Medar Bazar, Revenue Ward 31","Medar Bazar, Revenue Ward 31, Lalapet, Guntur, Andhra Pradesh - 522001",South India Shopping Mall,RS Brothers
31,South India Shopping Mall - Gajuwaka,530026,Visakhapatnam,Visakhapatnam,Andhra Pradesh,"D. No.10-4-92, Old Gajuwaka","D. No.10-4-92, Main Road, Old Gajuwaka, Visakhapatnam, Andhra Pradesh - 530026",South India Shopping Mall,RS Brothers
32,South India Shopping Mall - Hanmakonda,506001,Hanmakonda,Warangal,Telangana,"D. no. 4-5-197, Podduturi Complex","D. no. 4-5-197, Podduturi Complex, Hanmakonda, Telangana - 506001",South India Shopping Mall,RS Brothers
33,South India Shopping Mall - Hubli,580030,Hubballi,Dharwad,Karnataka,"Marvel Ecron, Gokul Rd","Marvel Ecron, Gokul Rd, Hubballi, Karnataka 580030",South India Shopping Mall,RS Brothers
34,South India Shopping Mall - Kakinada,533001,Kakinada,Kakinada,Andhra Pradesh,"D No: 28-1-6, Subhash Road","D No: 28-1-6, Subhash Road, Kakinada, Andhra Pradesh - 533001",South India Shopping Mall,RS Brothers
35,South India Shopping Mall - Karimnagar,505001,Karimnagar,Karimnagar,Telangana,"D, 3-4-227, Sawaran St","D, 3-4-227, Sawaran St, Karimnagar, Telangana 505001",South India Shopping Mall,RS Brothers
36,South India Shopping Mall - Khajaguda,500104,Hyderabad,Hyderabad,Telangana,Khajaguda-Nanakramguda Rd,"Khajaguda - Nanakramguda Rd, Chitrapuri Colony, Hyderabad, Telangana - 500104",South India Shopping Mall,RS Brothers
37,South India Shopping Mall - Kothagudem,507101,Kothagudem,Bhadradri Kothagudem,Telangana,"H.No.3, Vidyanagar Colony","H.No.3, Vidyanagar Colony, Kothagudem, Telangana 507101",South India Shopping Mall,RS Brothers
38,South India Shopping Mall - Kadapa,516001,Kadapa,Kadapa,Andhra Pradesh,"TS no. 884, Patel Road","TS no. 884, Premises no. 39/622-75-5, Patel Road, Kadapa, Andhra Pradesh - 516001",South India Shopping Mall,RS Brothers
39,South India Shopping Mall - Mahbubnagar,509001,Mahbubnagar,Mahbubnagar,Telangana,Opp Municipal Corporation Office,"Opp Municipal Corporation Office, Mahbubnagar, Telangana 509001",South India Shopping Mall,RS Brothers
40,South India Shopping Mall - Madinaguda,500050,Hyderabad,Hyderabad,Telangana,"Mumbai National Highway, Mythri Nagar","Mumbai National Highway, Mythri Nagar, Hyderabad, Telangana - 500050",South India Shopping Mall,RS Brothers
41,South India Shopping Mall - Nellore,524003,Nellore,Nellore,Andhra Pradesh,"Door No.23 902, Grand Trunk Road","Door No.23 902 Grand Trunk Road, Nellore, Andhra Pradesh - 524003",South India Shopping Mall,RS Brothers
42,South India Shopping Mall - Nizamabad,503003,Nizamabad,Nizamabad,Telangana,"MCH No 7-10-911, Station Road","MCH No 7-10-911, Haricharan Complex, Station Road, Nizamabad, Telangana - 503003",South India Shopping Mall,RS Brothers
43,South India Shopping Mall - Ongole,523001,Ongole,Prakasam,Andhra Pradesh,"37-1-8/5, Venkateswara Nagar","37-1-8/5, Venkateswara Nagar, Ongole, Andhra Pradesh - 523001",South India Shopping Mall,RS Brothers
44,South India Shopping Mall - Parvatipuram,535501,Parvatipuram,Parvathipuram Manyam,Andhra Pradesh,Beside RTC Complex,"Beside RTC complex, Parvatipuram, Andhra Pradesh - 535501",South India Shopping Mall,RS Brothers
45,South India Shopping Mall - Patny,500003,Secunderabad,Hyderabad,Telangana,"1-1-76 to 82, Opp Head Post Office","1-1-76 to 82, Opp. Head Post Office, Patny, Secunderabad, Telangana - 500003",South India Shopping Mall,RS Brothers
46,South India Shopping Mall - Rajahmundry,533104,Rajamahendravaram,East Godavari,Andhra Pradesh,Seshayya Metta,"2Q6F+3JJ, Seshayya Metta, Rajamahendravaram, Andhra Pradesh - 533104",South India Shopping Mall,RS Brothers
47,South India Shopping Mall - Tirupati,517501,Tirupati,Tirupati,Andhra Pradesh,"TS no. 3204, Ward no. 10","TS no. 3204, Tirupati, Andhra Pradesh - 517501",South India Shopping Mall,RS Brothers
48,South India Shopping Mall - Suchitra,500067,Hyderabad,Medchal-Malkajgiri,Telangana,"Plot no.108–133, Greenpark Avenue","Plot no. 108, 109, Greenpark Avenue, Hyderabad, Telangana - 500067",South India Shopping Mall,RS Brothers
49,South India Shopping Mall - Srikakulam,532001,Srikakulam,Srikakulam,Andhra Pradesh,"Plot no A9, G T Road","Plot no A9, D No 7-2-98, G T Road, Srikakulam, Andhra Pradesh - 532001",South India Shopping Mall,RS Brothers
50,South India Shopping Mall - Ramachandra Puram,502032,Ramachandrapuram,Sangareddy,Telangana,Sai Nagar Colony,"Sai Nagar Colony, Ramachandrapuram, Telangana 502032",South India Shopping Mall,RS Brothers
51,South India Shopping Mall - Tenali,522201,Tenali,Guntur,Andhra Pradesh,"16-2-60, Bose Rd","16-2-60, Bose Rd, Tenali, Andhra Pradesh - 522201",South India Shopping Mall,RS Brothers
52,South India Shopping Mall - Tuni,533401,Tuni,Kakinada,Andhra Pradesh,"Sri Rama Complex, GNT Rd","Sri Rama Complex, GNT Rd, Tuni, Andhra Pradesh - 533401",South India Shopping Mall,RS Brothers
53,South India Shopping Mall - Uppal,500039,Hyderabad,Medchal-Malkajgiri,Telangana,"Hanumasai Nagar, Vijayapuri Colony","South India Shooping Mall, Uppal, Hyderabad, Telangana 500039",South India Shopping Mall,RS Brothers
54,South India Shopping Mall - VIP Road (Vizag),530013,Visakhapatnam,Visakhapatnam,Andhra Pradesh,"VIP Rd, Dwaraka Nagar","VIP Rd, Visakhapatnam, Andhra Pradesh - 530013",South India Shopping Mall,RS Brothers
55,South India Shopping Mall - Vijayawada,520010,Vijayawada,Krishna,Andhra Pradesh,"27-16-210, Eluru Road","D. no. 27-16-210, Eluru Road, Vijayawada, Andhra Pradesh - 520010",South India Shopping Mall,RS Brothers
56,South India Shopping Mall - Vizianagaram,535003,Vizianagaram,Vizianagaram,Andhra Pradesh,"D.no: 21-1-97 to 98, Pool Bagh Road","D.no: 21-1-97to 98, Pool Bagh Road, Vizianagaram, Andhra Pradesh - 535003",South India Shopping Mall,RS Brothers
57,South India Shopping Mall - Visakhapatnam,530020,Visakhapatnam,Visakhapatnam,Andhra Pradesh,"28-2-48-1, Jagadamba Centre","28-2-48-1, Jagadamba Centre, Visakhapatnam, Andhra Pradesh - 530020",South India Shopping Mall,RS Brothers
1,Nalli Silk Sarees Ahmedabad,380006,Ahmedabad,Ahmedabad,Gujarat,"Abhinav Arcade, Ashram Rd, Ellis Bridge","Abhinav Arcade, Ashram Road, Ellis Bridge, Ahmedabad - 380006, India",Nalli,Nalli
2,Nalli Silk Sarees Jayanagar,560041,Bengaluru,Bengaluru,Karnataka,"46th Cross, 100 FT Ring Rd, Jayanagar","DTW Plaza, 46th Cross, 100 FT Ring Road, Jayanagar, Bengaluru - 560041, India",Nalli,Nalli
3,Nalli Silk Sarees Malleshwaram,560003,Bengaluru,Bengaluru,Karnataka,"17th Cross, Sampige Rd, Malleshwaram","No.299, 17th Cross, Sampige Road, Bengaluru - 560003, India",Nalli,Nalli
4,Nalli Silk Sarees Marathahalli,560037,Bengaluru,Bengaluru,Karnataka,Anand Nagar Layout,"No.85, Anand Nagar Layout, Bengaluru - 560037, India",Nalli,Nalli
5,Nalli Silk Sarees Ashok Nagar,560025,Bengaluru,Bengaluru,Karnataka,Magrath Road,"Magrath Road, Ashok Nagar, Bengaluru - 560025, India",Nalli,Nalli
6,Nalli Chinnasami Chetty T Nagar,600017,Chennai,Chennai,Tamil Nadu,"Nageswaran Rd, T Nagar","No.9, Nageswaran Road, Chennai - 600017, India",Nalli,Nalli
7,Nalli 100 T Nagar,600017,Chennai,Chennai,Tamil Nadu,Usman Rd,"100, Usman Rd, Chennai - 600017, India",Nalli,Nalli
8,Nalli Fashions T Nagar,600017,Chennai,Chennai,Tamil Nadu,Opp Panagal Park,"Nageswaran Road, Chennai - 600017, India",Nalli,Nalli
9,Nalli Anna Nagar,600040,Chennai,Chennai,Tamil Nadu,Second Avenue,"Anna Nagar, Chennai - 600040, India",Nalli,Nalli
10,Nalli Chrompet,600044,Chennai,Chennai,Tamil Nadu,GST Road,"GST Road, Chennai - 600044, India",Nalli,Nalli
11,Nalli Mylapore,600004,Chennai,Chennai,Tamil Nadu,Luz Church Road,"Luz Church Road, Chennai - 600004, India",Nalli,Nalli
12,Nalli Vadapalani,600026,Chennai,Chennai,Tamil Nadu,Arcot Road,"NSK Salai, Chennai - 600026, India",Nalli,Nalli
13,Nalli Adyar,600020,Chennai,Chennai,Tamil Nadu,Kasturba Nagar,"Adyar, Chennai - 600020, India",Nalli,Nalli
14,Nalli Velachery,600042,Chennai,Chennai,Tamil Nadu,Velachery Main Rd,"Velachery, Chennai - 600042, India",Nalli,Nalli
15,Nalli Coimbatore,641002,Coimbatore,Coimbatore,Tamil Nadu,"DB Road, RS Puram","DB Road, Coimbatore - 641002, India",Nalli,Nalli
16,Nalli South Extension Delhi,110049,New Delhi,New Delhi,Delhi,"Ring Road, South Ex","South Extension Part 1, New Delhi - 110049, India",Nalli,Nalli
17,Nalli Connaught Place,110001,New Delhi,New Delhi,Delhi,Inner Circle CP,"Connaught Place, New Delhi - 110001, India",Nalli,Nalli
18,Nalli Greater Kailash,110048,New Delhi,New Delhi,Delhi,GK Part 2,"Greater Kailash II, New Delhi - 110048, India",Nalli,Nalli
19,Nalli Hyderabad Begumpet,500016,Hyderabad,Hyderabad,Telangana,Sardar Patel Rd,"Begumpet, Hyderabad - 500016, India",Nalli,Nalli
20,Nalli Banjara Hills,500034,Hyderabad,Hyderabad,Telangana,Road No.10,"Banjara Hills, Hyderabad - 500034, India",Nalli,Nalli
21,Nalli Pune,411001,Pune,Pune,Maharashtra,Camp Area,"Pune - 411001, India",Nalli,Nalli
22,Nalli Mumbai Mahalaxmi,400026,Mumbai,Mumbai,Maharashtra,Bhulabhai Desai Rd,"Mumbai - 400026, India",Nalli,Nalli
23,Nalli Mumbai Goregaon,400063,Mumbai,Mumbai,Maharashtra,Oberoi Mall,"Goregaon East, Mumbai - 400063, India",Nalli,Nalli
24,Nalli Thane,400610,Thane,Thane,Maharashtra,Viviana Mall,"Thane West - 400610, India",Nalli,Nalli
25,Nalli USA Edison,8820,Edison,Middlesex,USA,Oak Tree Road,"Edison, NJ 08820, USA",Nalli,Nalli
26,Nalli USA Sunnyvale,94086,Sunnyvale,Santa Clara,USA,El Camino Real,"Sunnyvale, CA 94086, USA",Nalli,Nalli
27,Nalli Singapore,408868,Singapore,Singapore,Singapore,Serangoon Rd,Singapore 408868,Nalli,Nalli
28,Nalli London,SW19,London,London,UK,Wimbledon,"London SW19, UK",Nalli,Nalli
29,Nalli Dubai,N/A,Dubai,Dubai,UAE,Bur Dubai,"Dubai, UAE",Nalli,Nalli
30,Nalli Canada Toronto,M4Y,Toronto,Toronto,Canada,Downtown,"Toronto, Canada",Nalli,Nalli
31,Nalli Australia Sydney,2000,Sydney,Sydney,Australia,CBD,"Sydney NSW 2000, Australia",Nalli,Nalli
