Sr. No.,Store Name,Pincode,City,District,State,Remaining Address,Raw Data,Brand Name,Company Name,lat,lng,geocode_method,pop_2011,pop_2026,match_type,formatted_address
1,Kalyan Silks - Thrissur (Round North),680001,Thrissur,Thrissur,Kerala,"Perinchery Building, Round North","KALYAN SILKS TRICHUR PVT. LTD, PERINCHERY BUILDING, ROUND NORTH, TRICHUR, Pin - 680 001",Kalyan Silks,Kalyan Silks,10.5271173,76.2166527,google_raw,315957.0,390375.0,census_exact,"PERINCHERY BUILDING, Round North, Thrissur, Kerala 680020, India"
2,Kalyan Silks - Thrissur (Palace Road),680020,Thrissur,Thrissur,Kerala,Palace Road,"KALYAN SILKS TRICHUR PVT. LTD, PALACE ROAD, TRICHUR, Pin - 680 020",Kalyan Silks,Kalyan Silks,10.5277255,76.2181272,google_raw,315957.0,390375.0,census_exact,"Palace Rd, Thrissur, Kerala, India"
3,Kalyan Silks - Ernakulam,682011,Ernakulam,Ernakulam,Kerala,"Hospital Road, Near Maharaja College Ground","KALYAN SILKS TRICHUR PVT. LTD, HOSPITAL ROAD, NEAR MAHARAJA COLLEGE GROUND, ERNAKULAM, Pin - 682 011",Kalyan Silks,Kalyan Silks,9.9816358,76.2998842,google_raw,602350.0,744223.0,manual_web,"Ernakulam, Kerala, India"
4,Kalyan Silks - Palakkad (RS Road),678001,Palakkad,Palakkad,Kerala,"R.S. Road, Opp Town Railway Station","KALYAN SILKS TRICHUR PVT. LTD, R.S. ROAD, OPP TOWN RAILWAY STATION, PALAKKAD, Pin - 678 001",Kalyan Silks,Kalyan Silks,10.7733219,76.6580633,google_raw,130955.0,161799.0,census_exact,"Palakkad, Kerala, India"
5,Kalyan Silks - Calicut (Kozhikode),673016,Kozhikode,Kozhikode,Kerala,"Thondayad Junction, Mavoor Road","KALYAN SILKS TRICHUR PVT. LTD, THONDAYAD JUNCTION, MAVOOR ROAD, KOZHIKODE, Pin - 673 016",Kalyan Silks,Kalyan Silks,11.2611873,75.8085994,google_raw,550440.0,680086.0,census_exact,"Mavoor Rd, Thondayad, Kozhikode, Kerala, India"
6,Kalyan Silks - Kannur,670006,Kannur,Kannur,Kerala,"Kannothumchal, Chovva P.O","KALYAN SILKS TRICHUR PVT. LTD, KANNOTHUMCHAL, CHOVVA P.O, KANNUR, Pin - 670 006",Kalyan Silks,Kalyan Silks,11.8742936,75.3884118,google_raw,56823.0,70207.0,census_exact,"CHOVVA P.O, Kannothumchal, Kannur, Elayavoor, Kerala 670012, India"
7,Kalyan Silks - Kottayam,686001,Kottayam,Kottayam,Kerala,"Pioneer Arcade, TB Road, Near KSRTC Bus Stand","KALYAN SILKS TRICHUR PVT. LTD, PIONEER ARCADE, TB ROAD, NEAR KSRTC BUS STAND, Pin - 686 001",Kalyan Silks,Kalyan Silks,9.5933057,76.51702879999999,google_city_fallback,55374.0,68416.0,census_exact,"Chalukunnu, Kottayam, Kerala 686001, India"
8,Kalyan Silks - Thiruvalla,689101,Thiruvalla,Pathanamthitta,Kerala,Deepa Junction,"KALYAN SILKS TRICHUR PVT. LTD, DEEPA JUNCTION, THIRUVALLA, PATHANAMTHITTA, Pin - 689 101",Kalyan Silks,Kalyan Silks,9.3852725,76.57498559999999,google_raw,52883.0,65339.0,census_exact,"9HPF+4X5, Thiruvalla, Kerala 689101, India"
9,Kalyan Silks - Thiruvananthapuram,695033,Thiruvananthapuram,Thiruvananthapuram,Kerala,"Near Fine Arts College, Opp CN Stadium, Palayam","KALYAN SILKS TRICHUR PVT. LTD, NEAR FINE ARTS COLLEGE, OPP.CN STADIUM, PALAYAM, THIRUVANANTHAPURAM, Pin - 695 033",Kalyan Silks,Kalyan Silks,8.5054597,76.9518289,google_raw,743691.0,918854.0,census_exact,"GX43+C7F P.O, Vikas Bhavan, Extra Police Rd, University of Kerala Senate House Campus, Nandavanam, Palayam, Thiruvananthapuram, Kerala 695033, India"
10,Kalyan Silks - Thodupuzha,685584,Thodupuzha,Idukki,Kerala,"Dream Mall, Rotary Junction","KALYAN SILKS TRICHUR PVT. LTD, DREAM MALL, ROTARY JUNCTION, THODUPUZHA, IDUKKI, Pin - 685 584",Kalyan Silks,Kalyan Silks,9.9009594,76.7135849,google_raw,52045.0,64303.0,census_exact,"Dream Mall, Mt Sinai Rd, near Kalyan Silks, Thodupuzha, Kerala 685584, India"
11,Kalyan Silks - Kunnamkulam,680503,Kunnamkulam,Thrissur,Kerala,Guruvayoor Road,"KALYAN SILKS TRICHUR PVT. LTD, GURUVAYOOR ROAD, KUNNAMKULAM, THRISSUR, Pin - 680 503",Kalyan Silks,Kalyan Silks,10.6493966,76.0688715,google_raw,54071.0,66806.0,census_exact,"PRIYADARSINI SHOPPING COMPLEX (OPPO) HP PETROL PUMP GURUVAYOOR, J3X9+QG5, ROAD, Kunnamkulam, Kerala 680503, India"
12,Kalyan Silks - Attingal,695101,Attingal,Thiruvananthapuram,Kerala,"Kachery Junction, Attingal PO","KALYAN SILKS TRICHUR PVT. LTD, KACHERY JUNCTION, ATTINGAL P O, TRIVANDRUM, Pin - 695 101",Kalyan Silks,Kalyan Silks,8.6982226,76.8136569,google_raw,37346.0,46142.0,census_exact,"Attingal, Kerala, India"
13,Kalyan Silks - Vadakara,673101,Vadakara,Kozhikode,Kerala,"Nesto Grand Square Mall, Edody","KALYAN SILKS TRICHUR PVT. LTD, NESTO GRAND SQUARE MALL, NEAR KIRTI MUDRA THEATRE, EDODY, VADAKARA, Pin - 673 101",Kalyan Silks,Kalyan Silks,11.5934871,75.5906478,google_raw,75295.0,93029.0,census_exact,"Nesto Grand Square Mall, near KIRTI MUDRA THEATRE, Edodi, Vatakara, Kerala 673101, India"
14,Kalyan Silks - Kasaragod,671121,Kasaragod,Kasaragod,Kerala,"Kudroli Square, New Bus Stand","KALYAN SILKS TRICHUR PVT. LTD, KUDROLI SQUARE, NEW BUS STAND, KASARAGOD, Pin - 671 121",Kalyan Silks,Kalyan Silks,12.5064039,74.994322,google_raw,54172.0,66931.0,census_exact,"Kasaragod, Kerala, India"
15,Kalyan Silks - Payyanur,670307,Payyanur,Kannur,Kerala,Opp New Bus Stand,"KALYAN SILKS TRICHUR PVT. LTD, OPP.NEW BUS STAND, PAYYANUR, KANNUR, Pin - 670 307",Kalyan Silks,Kalyan Silks,12.0972416,75.1933906,google_raw,72111.0,89095.0,manual_web,"Payyanur, Kerala 670307, India"
16,Kalyan Silks - Chalakudy,680307,Chalakudy,Thrissur,Kerala,"Trunk Main Road, Opp Taluk Office","KALYAN SILKS TRICHUR PVT. LTD, TRUNK MAIN ROAD, OPP. TALUK OFFICE, CHALAKKUDY, Pin - 680 307",Kalyan Silks,Kalyan Silks,10.3049498,76.3382626,google_raw,49525.0,61190.0,census_exact,"Trunk Rd, opp. TALUK OFFICE, Chalakudy, Kerala 680307, India"
17,Kalyan Silks - Perinthalmanna,679322,Perinthalmanna,Malappuram,Kerala,Calicut Road,"KALYAN SILKS TRICHUR PVT. LTD, CALICUT ROAD, PERINTALMANNA, MALAPPURAM, Pin - 679 322",Kalyan Silks,Kalyan Silks,11.0112738,75.9540251,google_raw,49723.0,61434.0,census_exact,"Calicut Rd, Kerala, India"
18,Kalyan Silks - Kalpetta,673121,Kalpetta,Wayanad,Kerala,"Green Land Nagar, Opp New Bus Stand","KALYAN SILKS TRICHUR PVT. LTD, GREEN LAND NAGAR, OPP. NEW BUS STAND, KALPETTA, Pin - 673 121",Kalyan Silks,Kalyan Silks,11.60496,76.0822867,google_raw,31580.0,39018.0,census_exact,"Green Land Nagar, Kalpetta, Kerala 673121, India"
19,Kalyan Silks - Kollam,691001,Kollam,Kollam,Kerala,"Residency Road, Chinnakkada","KALYAN SILKS TRICHUR PVT. LTD, RESIDENCY ROAD, CHINNAKKADA, KOLLAM, Pin - 691 001",Kalyan Silks,Kalyan Silks,8.888888699999999,76.5902176,google_raw,348657.0,430777.0,census_exact,"Residency Rd, Chamkkada, Chinnakada, Kollam, Kerala 691001, India"
20,Kalyan Silks - Palakkad (TB Road),678014,Palakkad,Palakkad,Kerala,"Opp Town Bus Stand, TB Road","KALYAN SILKS TRICHUR PVT. LTD, OPP. TOWN BUS STAND, T.B. ROAD, PALAKKAD, Pin - 678 014",Kalyan Silks,Kalyan Silks,10.7707824,76.65169449999999,google_raw,130955.0,161799.0,census_exact,"Town Bus Stand, Town Bus Stand Rd, Sultanpet, Palakkad, Kerala 678014, India"
21,Kalyan Silks - Pattambi,679303,Pattambi,Palakkad,Kerala,Perinthalmanna Road,"KALYAN SILKS SELECT, PERINTHALMANNA ROAD, PATTAMBI, KERALA 679303",Kalyan Silks,Kalyan Silks,10.8060554,76.1870515,google_raw,28632.0,35376.0,census_exact,"Pattambi - Perinthalmanna Rd, Pattambi, Kerala 679303, India"
22,Kalyan Silks - Erode,638001,Erode,Erode,Tamil Nadu,"Mettur Road, Near Parimala Complex","KALYAN SILKS TRICHUR PVT. LTD, METTUR ROAD, NEAR PARIMALA COMPLEX, ERODE, Pin - 638 001",Kalyan Silks,Kalyan Silks,11.3442412,77.7180639,google_raw,157101.0,208043.0,census_exact,"Mettur Rd, Surampattivalasu, Erode, Tamil Nadu 638001, India"
23,Kalyan Silks - Salem,636016,Salem,Salem,Tamil Nadu,"Building 217, Omalur Main Road","KALYAN SILKS TRICHUR PVT. LTD, BUILDING NO. 217, OMALUR MAIN ROAD, OPP.NEW BUS STAND, Pin - 636 016",Kalyan Silks,Kalyan Silks,11.7428803,78.04731280000001,google_raw,829267.0,1098166.0,census_exact,"Omalur, Tamil Nadu 636455, India"
24,Kalyan Silks - Bengaluru (Commercial St 1),560001,Bengaluru,Bengaluru Urban,Karnataka,"Near Safina Plaza, Main Guard Cross Road","KALYAN SILKS TRICHUR PVT. LTD, COMMERCIAL STREET, NEAR SAFINA PLAZA, MAIN GUARD CROSS ROAD, BENGALURU, Pin - 560 001",Kalyan Silks,Kalyan Silks,12.9797463,77.6068465,google_raw,8443675.0,12139784.0,manual_web,"Safina Plaza, Main Guard Cross Rd, Tasker Town, Shivaji Nagar, Bengaluru, Karnataka 560001, India"
25,Kalyan Silks - Bengaluru (Commercial St 2),560001,Bengaluru,Bengaluru Urban,Karnataka,"Tasker Town, Shivaji Nagar","KALYAN SILKS TRICHUR PVT. LTD, COMMERCIAL STREET, TASKER TOWN, SHIVAJI NAGAR, BENGALURU, PIN - 560 001",Kalyan Silks,Kalyan Silks,12.9819013,77.608817,google_raw,8443675.0,12139784.0,manual_web,"33, Commercial Street, Tasker Town, Shivaji Nagar, Bengaluru, Karnataka 560001, India"
26,Kalyan Silks - Muscat,131,Muscat,Muscat,Oman,"Ruwi, Building No 461, Way No 3109","KALYAN SILKS LLC, RUWI, MUSCAT, MOOSA ABDUL RAHMAN HASAAN BUILDING, BUILDING NO:461, WAY NO:3109, Pin - 131",Kalyan Silks,Kalyan Silks,23.5963921,58.54177929999999,google_raw,,,,"Moosa Abdul Rahman Hassan Building, Ruwi Building, : 461 Way No : 3109, Muscat 131, Oman"
27,Kalyan Silks - Doha,,Doha,Doha,Qatar,"Barwa Village, Al Wakrah","KALYAN SILKS, B-15, SHOP-40, 42-45, BARWA VILLAGE, AL WAKRAH, DOHA-QATAR",Kalyan Silks,Kalyan Silks,25.2127046,51.58163589999999,google_raw,,,,"SHOP-40, 42, 45 B-15, Doha, Qatar"
1,Pothys Traditional,600017,Chennai,Chennai,Tamil Nadu,"No.15, Nageswara Rao Rd, Opp Doraiswami Subway, T Nagar","Pothys Retail Private Limited, No.15, Nageswara Rao Road, Opp. Doraiswami Subway, T Nagar, Chennai, Tamil Nadu India 600017, 044 - 43966333",Pothys,Pothys,13.0404361,80.2320546,google_raw,4646732.0,6153484.0,census_exact,"15, Nageswaran Rao Rd, opp. Doraiswami Subway, T. Nagar, Chennai, Tamil Nadu 600017, India"
2,Pothys Hyper,600017,Chennai,Chennai,Tamil Nadu,"No.84, 85, N Usman Rd, Postal Colony, T Nagar","Pothys Retail Private Limited, No.84, 85, N Usman Rd, Postal Colony, Parthasarathi Puram, T Nagar, Chennai, Tamil Nadu India 600017, 044 - 2431 0770",Pothys,Pothys,13.0354907,80.2304695,google_raw,4646732.0,6153484.0,census_exact,"No.84, 85, N Usman Rd, Postal Colony, T. Nagar, Chennai, Tamil Nadu 600017, India"
3,Pothys Boutique,600017,Chennai,Chennai,Tamil Nadu,"No.107, GN Chetty Road, T Nagar","Pothys Retail Private Limited, No.107, G.N.Chetty Road, (Next to Vani Mahal) T.Nagar, Chennai, Tamil Nadu India 600017, 044 - 2815 0103",Pothys,Pothys,13.0467018,80.2426608,google_raw,4646732.0,6153484.0,census_exact,"107, Gopathy Narayana Rd, Satyamurthy Nagar, T. Nagar, Chennai, Tamil Nadu 600017, India"
4,Pothys & Swarna Mahal,600044,Chennai,Chennai,Tamil Nadu,"No.407/7, GST Road, Chrompet","Pothys Retail Private Limited, No.407/7, GST Road, Chrompet, Chennai, Tamil Nadu India 600044, 044-22380120/ 21/ 22",Pothys,Pothys,12.9575376,80.1425512,google_raw,4646732.0,6153484.0,census_exact,"407/7, Grand Southern Trunk Rd, Chambers Colony, Chromepet, Chennai, Tamil Nadu 600044, India"
5,Pothys Padi,600050,Chennai,Chennai,Tamil Nadu,"81, M.T.H. Road, Padi","Pothys Retail Private Limited, 81, M.T.H. Road, Padi, Chennai, Tamil Nadu India 600050, 044-26545333/ 34/ 35",Pothys,Pothys,13.098711,80.183418,google_raw,4646732.0,6153484.0,census_exact,"81, Madras Thiruvallur High Rd, Gopal Nagar, Padi, Chennai, Tamil Nadu 600050, India"
6,Pothys Coimbatore Town Hall,641001,Coimbatore,Coimbatore,Tamil Nadu,"No.400, Oppanakara Street, Town Hall","Pothys Retail Private Limited, No.400, Oppanakara Street, Town Hall, Coimbatore, Tamil Nadu India 641001",Pothys,Pothys,10.9934829,76.959938,google_raw,1050721.0,1391428.0,census_exact,"400, Oppanakara St., Opp chemmanur gold, Prakasam, Town Hall, Coimbatore, Tamil Nadu 641001, India"
7,Pothys Coimbatore Gandhipuram,641012,Coimbatore,Coimbatore,Tamil Nadu,"1008, Cross Cut Road, Gandhipuram","Pothys Retail Private Limited, 1008, Cross Cut Road, Gandhipuram, Coimbatore, Tamil Nadu India 641012",Pothys,Pothys,11.0172111,76.9665218,google_raw,1050721.0,1391428.0,census_exact,"1008, Cross Cut Rd, Gandhipuram, Coimbatore, Tamil Nadu 641012, India"
8,Pothys Salem,636009,Salem,Salem,Tamil Nadu,"No.4, Omalur Main Road, TVS Bus Stop, Near New Bus Stand","Pothys Retail Private Limited, No.4, Omalur Main Road, TVS Bus Stop, Near New Bus Stand, Salem, Tamil Nadu India 636009",Pothys,Pothys,11.6667892,78.1435686,google_raw,829267.0,1098166.0,census_exact,"TVS Bus Stop, Omalur Main Rd, Guptha Nagar, Fairlands, Salem, Tamil Nadu 636009, India"
9,Pothys Tiruchirappalli,620002,Tiruchirappalli,Tiruchirappalli,Tamil Nadu,"No.159, West Boulevard Road, Tharanallur","Pothys Retail Private Limited, No.159, West Boulevard Road, Tharanallur, Tiruchirappalli, Tamil Nadu India 620002",Pothys,Pothys,10.8253112,78.6931943,google_raw,847387.0,1122161.0,census_exact,"159, W Blvd Rd, Tharanallur, Tiruchirappalli, Tamil Nadu 620002, India"
10,Pothys Madurai,625001,Madurai,Madurai,Tamil Nadu,"No.159, West Masi Street","Pothys Retail Private Limited, No.159, West Masi Street, Madurai, Tamil Nadu India 625001",Pothys,Pothys,9.9163572,78.1159332,google_raw,1017865.0,1347918.0,census_exact,"159, W Masi St, Valaiyal Kadai, Madurai Main, Madurai, Tamil Nadu 625001, India"
11,Pothys Srivilliputhur,626125,Srivilliputhur,Virudhunagar,Tamil Nadu,"No.25, P.P. Melamada Street","Pothys Retail Private Limited, No.25, P.P. Melamada Street, Srivilliputhur, Tamil Nadu India 626125",Pothys,Pothys,9.509385,77.63098099999999,google_raw,75396.0,99844.0,census_exact,"No.25, P.P.Melamada street, Mangapuram, Srivilliputhur, Tamil Nadu 626125, India"
12,Pothys Tirunelveli,627006,Tirunelveli,Tirunelveli,Tamil Nadu,"No.3, North Car Street","Pothys Retail Private Limited, No.3, North Car Street, Tirunelveli, Tamil Nadu India 627006",Pothys,Pothys,8.7289917,77.6885441,google_raw,473637.0,627219.0,census_exact,"Pothys, N Car St, Thirunagar, Tirunelveli Town, Tirunelveli, Tamil Nadu 627006, India"
13,Pothys Nagercoil,629001,Nagercoil,Kanyakumari,Tamil Nadu,"No.161, K.P. Road, Opp Collector Office","Pothys Retail Private Limited, No.161, K.P. Road, Opposite Collector Office, Nagercoil, Tamil Nadu India 629001",Pothys,Pothys,8.1780648,77.4247219,google_raw,224849.0,297759.0,census_exact,"161, Kottar-Parvathipuram Rd, Opposite Collector Office, Ramavarmapuram, Nagercoil, Tamil Nadu 629001, India"
14,Pothys Puducherry,605001,Puducherry,Puducherry,Puducherry,"No.400, Anna Salai, Near Ram International Hotel","Pothys Retail Private Limited, No.400, Anna Salai, Near Ram International Hotel, Puducherry, Tamil Nadu India 605001, 0413 - 2227333",Pothys,Pothys,11.9335846,79.8243506,google_raw,244377.0,367639.0,census_exact,"400, Anna Salai, near Ram International Hotel, Subbarayapillai Chathiram, Puducherry, 605001, India"
15,Pothys Bengaluru Gandhi Nagar,560009,Bengaluru,Bengaluru,Karnataka,"Old No 33 / New No 33, KG Road, Gandhi Nagar","Pothys Retail Private Limited, Old No 33 / New No 33, KG Road, Gandhi Nagar, Bengaluru, Karnataka India 560009",Pothys,Pothys,12.9744723,77.57865509999999,google_raw,8443675.0,12139784.0,manual_web,"33, Kempegowda Rd, Gandhi Nagar, Bengaluru, Karnataka 560009, India"
16,Pothys Bengaluru Mysore Road,560026,Bengaluru,Bengaluru,Karnataka,"No:273, Mysore Road, Kasturba Nagar","Pothys Retail Private Limited, No:273, Mysore Road, Kasturba Nagar, Bengaluru, Karnataka India 560026",Pothys,Pothys,12.9021904,77.4691746,google_raw,8443675.0,12139784.0,manual_web,"C-22,3rd Cross, KSSIDC Industrial Estate, Kumbulgudu, Mysore Rd, Bengaluru, Karnataka 560060, India"
17,Pothys Kochi,682017,Kochi,Ernakulam,Kerala,"KC-65/4875/A, Banerji Road, Kaloor","Pothys Retail Private Limited, KC-65/4875/A, Banerji Road, Kaloor, Kochi, Kerala India 682017",Pothys,Pothys,9.993470199999999,76.29021900000001,google_raw,336048.0,415198.0,census_contains,"Banerji Rd, Kaloor, Kochi, Kerala 682017, India"
18,Pothys Thiruvananthapuram MG Road,695001,Thiruvananthapuram,Thiruvananthapuram,Kerala,MG Road,"Pothys Retail Private Limited, M.G. Road, Thiruvananthapuram, Kerala India 695001",Pothys,Pothys,8.4901102,76.9468701,google_raw,743691.0,918854.0,census_exact,"No. 28/2477/3, Nikunjam City Square, Mahatma Gandhi Rd, near Ayurveda College West Lane, Vanchiyoor, Thiruvananthapuram, Kerala 695001, India"
19,Pothys Thiruvananthapuram City Square,695020,Thiruvananthapuram,Thiruvananthapuram,Kerala,Nikunjam City Square,"Pothys Retail Private Limited, Nikunjam City Square, Thiruvananthapuram, Kerala India 695020",Pothys,Pothys,8.4901102,76.9468701,google_raw,743691.0,918854.0,census_exact,"No. 28/2477/3, Nikunjam City Square, Mahatma Gandhi Rd, near Ayurveda College West Lane, Vanchiyoor, Thiruvananthapuram, Kerala 695001, India"
1,The Chennai Shopping Mall - Ameerpet,500016,Hyderabad,Hyderabad,Telangana,"6-3-802, Main Road, Ameerpet","6-3-802, Main Road, The Chennai Shopping Mall, Ameerpet, Hyderabad, Hyderabad, Telangana, 500016",The Chennai Shopping Mall,Marri Retail,17.433359,78.4465218,google_raw,6731790.0,9234865.0,manual_web,"Zainab Commercial Complex, HNo: 6-3-802/2, Mumbai Hwy, Punjagutta Officers Colony, Ameerpet, Hyderabad, Telangana 500016, India"
2,The Chennai Shopping Mall - AS Rao Nagar,500062,Hyderabad,Rangareddy,Telangana,"Anurag Commercial Complex, Sy No 461–469","Anurag Commercial Complex, 7,8 Sy No.461 To 469, As Rao Nagar, Hyderabad, Rangareddy, Telangana, 500062",The Chennai Shopping Mall,Marri Retail,17.4769849,78.5564847,google_raw,6731790.0,9234865.0,manual_web,"Dr. A. S. Rao Nagar, Secunderabad, Telangana, India"
3,The Chennai Shopping Mall - Chandanagar,500050,Hyderabad,Rangareddy,Telangana,"Sri Ramanjaneya Trade Center, Sy No 305–309","Sri Ramanjaneya Trade Center, 88,89, Sy.No.305 To 309, Sriram Nagar, Chanda Nagar, Rangareddy, Telangana, 500050",The Chennai Shopping Mall,Marri Retail,17.4977646,78.3316862,google_raw,6731790.0,9234865.0,manual_web,"Hyderabad, Telangana 500050, India"
4,The Chennai Shopping Mall - Davanagere,577002,Davanagere,Davanagere,Karnataka,"Vishal Arcade, PB Road, opp Aruna Theater","828, Aadhaar seva kendra, Vishal arcade, PB Rd, opp. to Aruna Theater, Davanagere, Karnataka 577002",The Chennai Shopping Mall,Marri Retail,14.4650557,75.9227495,google_raw,434971.0,625374.0,census_exact,"Vishal Arcade, #828/1, Upper Ground Floor, Beside Bank of Baroda, PB Rd, opp. to Aruna Theatre, KB Extension, Davangere, Karnataka 577002, India"
5,The Chennai Shopping Mall - Guntur,522007,Guntur,Guntur,Andhra Pradesh,"Arundelpet, 17th Lane Main Road","New Ward No 7, 6-19-18, Arundelpet, Block No 1, 17Th Lane Main Road, Guntur, Guntur, Andhra Pradesh, 522007",The Chennai Shopping Mall,Marri Retail,16.304852,80.4376319,google_raw,670073.0,919226.0,census_exact,"6/19/39/1, Arundelpet, Guntur, Andhra Pradesh 522002, India"
6,The Chennai Shopping Mall - Hanumakonda,506001,Hanumakonda,Hanumakonda,Telangana,"Plot No 1–3, D No 1-8-542","Plot No. 1,2,3,24, 25, D No 1-8-542, Main Road, Hanamkonda, Hanumakonda, Telangana, 506001",The Chennai Shopping Mall,Marri Retail,17.9972828,79.55581900000001,google_raw,427303.0,586187.0,manual_web,"25 d, 1-8-592, Main Rd, near Water Tank, Advocates Colony, Nakkala Gutta, Hanamkonda, Warangal, Telangana 506001, India"
7,The Chennai Shopping Mall - Kadapa,516001,Kadapa,Kadapa,Andhra Pradesh,"Opp RTC Bus Stand, Bhagya Nagar Colony","Door No. 42, 347-1-2, opp. RTC Bus Stand, Bhagya Nagar Colony, Kadapa, Andhra Pradesh 516001",The Chennai Shopping Mall,Marri Retail,14.4655639,78.8318846,google_raw,318916.0,437498.0,census_contains,"42, 42/347-9-1, RTC Rd, R K Nagar, Co-operative Colony, Chinna Chauku, Andhra Pradesh 516001, India"
8,The Chennai Shopping Mall - Karimnagar,505001,Karimnagar,Karimnagar,Telangana,"H No 3-1-829, Court Road","H No 3-1-829,829/1, Christian Colony, Court Road, Karimnagar, Telangana, 505001",The Chennai Shopping Mall,Marri Retail,18.4421519,79.12803269999999,google_raw,283657.0,389129.0,manual_web,"h, 3-1-263/1, Christian Colony, Karimnagar, Telangana 505001, India"
9,The Chennai Shopping Mall - Khammam,507002,Khammam,Khammam,Telangana,"Khammam Bypass, Khanapuram Haveli","S Y No 287/B,287/E,289/C,289/D, Khammam Bypass, Khammam, Telangana, 507002",The Chennai Shopping Mall,Marri Retail,17.2554208,80.1658067,google_raw,184210.0,252705.0,manual_web,"Khammam Bypass Rd, Raghunadapalem, Khammam, Telangana 507002, India"
10,The Chennai Shopping Mall - Kothapet,500035,Hyderabad,Rangareddy,Telangana,"Plot No 104/A,B, Saroor Nagar Village","Plot No.104/A,B, Kothapet, Sy.No.7, Saroor Nagar Village, Hyderabad, Rangareddy, Telangana, 500035",The Chennai Shopping Mall,Marri Retail,17.3130123,78.498323,google_raw,6731790.0,9234865.0,manual_web,"8F7X+684 Sy no 7, Raghu Homes Colony, Balapur, Telangana 500005, India"
11,The Chennai Shopping Mall - KPHB Colony,500072,Hyderabad,Medchal-Malkajgiri,Telangana,"2-22-29/1/7, Main Road, Kukatpally","2-22-29/1/7, Main Road, KPHB Colony, Kukatpally/Hyderabad, Telangana, 500072",The Chennai Shopping Mall,Marri Retail,17.4711654,78.3892608,google_raw,6731790.0,9234865.0,manual_web,"2, KPHB, Kukatpally Housing Board Colony, K P H B Phase 4, Kukatpally, Hyderabad, Telangana 500085, India"
12,The Chennai Shopping Mall - Mancherial,504208,Mancherial,Mancherial,Telangana,"Market Road, Garmilla Village","Door No 5-113 & 5-114/1, Market Road, Garmilla Village, Mancherial, Telangana, 504208",The Chennai Shopping Mall,Marri Retail,18.8777119,79.4464592,google_raw,89935.0,123375.0,manual_web,"Market Rd, Mancherial, Telangana 504208, India"
13,The Chennai Shopping Mall - Mahbubnagar,509001,Mahbubnagar,Mahbubnagar,Telangana,Opp Town Hall,"H No 2-5-51, Sheshagiri Rao Compound, Opp Town Hall, Mahbubnagar, Telangana, 509001",The Chennai Shopping Mall,Marri Retail,16.7464527,77.9891215,google_raw,190400.0,261196.0,manual_web,"PXWQ+HJQ, Monappagutta, Boyapalle Rural, Mahbubnagar, Telangana 509001, India"
14,The Chennai Shopping Mall - Miryalaguda,508207,Miryalaguda,Nalgonda,Telangana,Main Road,"19-837, Main Road, Miryalaguda, Nalgonda, Telangana, 508207",The Chennai Shopping Mall,Marri Retail,16.8759788,79.553331,google_raw,104918.0,143930.0,manual_web,"Miryalaguda - Kodad Rd, Miryalaguda, Telangana 508207, India"
15,The Chennai Shopping Mall - Nanded,431602,Nanded,Nanded,Maharashtra,"Co-op Industrial Estate, College Road","House Municipal No 1, Co-op Industrial Estate, Plot No 118C, College Road, Nanded, Maharashtra 431602",The Chennai Shopping Mall,Marri Retail,19.1764367,77.3050441,google_raw,550439.0,738643.0,census_contains,"College Road, Vivek Nagar, Vishnu Nagar, Limbgaon, Nanded, Maharashtra 431602, India"
16,The Chennai Shopping Mall - Nizamabad,503001,Nizamabad,Nizamabad,Telangana,"Opp Tilak Garden, Station Road","7-10-910/2/1, Opp Tilak Garden, Station Road, Nizamabad, Telangana, 503001",The Chennai Shopping Mall,Marri Retail,18.6760873,78.1028486,google_raw,311152.0,426847.0,manual_web,"M4G3+C4Q Tilak Garden, SP Rd, opp. Fire Station, Yellamma Gutta, Tilak Gardens, Khaleelwadi, Nizamabad, Telangana 503003, India"
17,The Chennai Shopping Mall - Ongole,523001,Ongole,Prakasam,Andhra Pradesh,"Trunk Road, Gopal Nagar","SY No 117, Door No 2-396, Trunk Rd, Gopal Nagar, Ongole, Andhra Pradesh 523001",The Chennai Shopping Mall,Marri Retail,15.5055766,80.0497686,google_raw,204746.0,280876.0,census_exact,"Shop 2, Trunk Rd, Gadiyaram Vari Veedhi, Gopal Nagar, Ongole, Andhra Pradesh 523001, India"
18,The Chennai Shopping Mall - Patny Center,500003,Secunderabad,Hyderabad,Telangana,"R V Towers, Sarojini Devi Road","R V Towers, 3-1-7 / 3-1-810, Sarojini Devi Road, Secunderabad, Hyderabad, Telangana, 500003",The Chennai Shopping Mall,Marri Retail,17.4408697,78.49417249999999,google_raw,217910.0,298935.0,manual_web,"Vasavi Towers, Sarojini Devi Rd, Krishna Complex, Kalasiguda, Secunderabad, Telangana 500003, India"
19,The Chennai Shopping Mall - Piduguralla,522413,Piduguralla,Palnadu,Andhra Pradesh,—,"FVHW+H9X, Piduguralla, Andhra Pradesh 522413",The Chennai Shopping Mall,Marri Retail,16.4789875,79.8959844,google_raw,63103.0,86567.0,census_exact,"FVHW+H9X Piduguralla, Andhra Pradesh"
20,The Chennai Shopping Mall - Rajahmundry,533103,Rajamahendravaram,East Godavari,Andhra Pradesh,"RTC Complex Internal Road, Syamala Nagar","RTC Complex Internal Rd, Syamala Nagar, Rajamahendravaram, Andhra Pradesh 533103",The Chennai Shopping Mall,Marri Retail,17.0009782,81.7895369,google_raw,341831.0,468934.0,manual_web,"RTC Complex Internal Rd, Syamala Nagar, Gandhipuram, Rajamahendravaram, Andhra Pradesh 533103, India"
21,The Chennai Shopping Mall - Raichur,584101,Raichur,Raichur,Karnataka,"Near Hotel Ranjitha Palace, Bus Stand Road","1/9-72-2, Bus Station Rd, near Hotel Ranjitha Palace, Raichur, Karnataka 584101",The Chennai Shopping Mall,Marri Retail,16.1997123,77.3440176,google_raw,234073.0,336535.0,census_exact,"Station Rd, Raichur, Karnataka 584101, India"
22,The Chennai Shopping Mall - Suchitra,500055,Hyderabad,Medchal-Malkajgiri,Telangana,"Green Park Enclave, Kompally","91,92,93, Green Park Enclave, Suchitra Junction, Kompally, Hyderabad, Telangana 500055",The Chennai Shopping Mall,Marri Retail,17.5055176,78.4764371,google_raw,6731790.0,9234865.0,manual_web,"93, Green Park Road, Green Park, Jeedimetla, Hyderabad, Telangana 500067, India"
23,The Chennai Shopping Mall - Siddipet,502103,Siddipet,Siddipet,Telangana,Main Road / Gandhi Road,"9-2-22/23/24/25, 9-4-34, Main Road, Siddipet, Telangana 502103",The Chennai Shopping Mall,Marri Retail,17.9049384,78.6440848,google_raw,66737.0,91552.0,manual_web,"1-9, 1-9, Ramyampet - Doultabad - Raipol - Gajwel Rd, lingareddypally, Raipole, Lingareddipalle, Telangana 502278, India"
24,The Chennai Shopping Mall - Tadepalligudem,534101,Tadepalligudem,West Godavari,Andhra Pradesh,Sai Baba Temple Area,"3-18-52, Tadepalligudem, Andhra Pradesh 534101",The Chennai Shopping Mall,Marri Retail,16.8050498,81.5269218,google_raw,104032.0,142714.0,census_exact,"3-255, near EVM school, Seetarampeta, Ramachandraraopeta, Venkatasubbayya Colony, Tadepalligudem, Andhra Pradesh 534102, India"
25,The Chennai Shopping Mall - Vijayawada,520010,Vijayawada,Krishna,Andhra Pradesh,"MG Road, Labbipet","38-8-47 & 38-8-2A, MG Road, Labbipet, Vijayawada, Andhra Pradesh 520010",The Chennai Shopping Mall,Marri Retail,16.5038954,80.6372406,google_raw,1021806.0,1401743.0,census_contains,"Mahatma Gandhi Rd, Labbipet, Vijayawada, Andhra Pradesh, India"
26,The Chennai Shopping Mall - Visakhapatnam,530020,Visakhapatnam,Visakhapatnam,Andhra Pradesh,"TSR Complex, Daba Gardens","30-15-76, TSR Complex, Daba Gardens, Visakhapatnam, Andhra Pradesh 530020",The Chennai Shopping Mall,Marri Retail,17.7160309,83.2974204,google_raw,2035922.0,2792937.0,manual_web,"Daba Gardens, Allipuram, Visakhapatnam, Andhra Pradesh, India"
27,JC Mall - Rajahmundry,533103,Rajamahendravaram,East Godavari,Andhra Pradesh,"Plot no: 78-1-3/2, Syamala Nagar, Gandhipuram","Plot no: 78-1-3/2, Syamala Nagar, Gandhipuram, Rajamahendravaram, Andhra Pradesh 533103",JC Mall,Marri Retail,17.0036945,81.78491890000001,google_raw,341831.0,468934.0,manual_web,"78-1-2, 2nd Street, Danavai Peta, Rajamahendravaram, Andhra Pradesh 533103, India"
28,JC Mall - Kakinada,533001,Kakinada,Kakinada,Andhra Pradesh,"13-1-13, Ramaiah Street, Main Rd, opp. ICICI Bank Suryaraopet","13-1-13, Ramaiah Street, Main Rd, opp. ICICI Bank Suryaraopet, Kakinada, Andhra Pradesh 533001",JC Mall,Marri Retail,16.959147,82.236597,google_raw,312538.0,428749.0,census_exact,"13-1-3, Ramayya St, Surya Rao Peta, Kakinada, Andhra Pradesh 533001, India"
29,JC Mall - Nellore,524003,Nellore,Nellore,Andhra Pradesh,"Door No 23/983, Dandayudhapuram, Trunk Rd, VRC Centre","Door No 23/983, Dandayudhapuram, Trunk Rd, VRC Centre, Nellore, Andhra Pradesh 524003",JC Mall,Marri Retail,14.452652,79.9840676,google_raw,547621.0,751242.0,census_exact,"Trunk Rd, VRC Centre, Nellore, Andhra Pradesh 524001, India"
30,JC Brothers - Zaheerabad,502220,Zaheerabad,Medak,Telangana,"2-1-9, Central Mall, NH9","2-1-9, Central Mall, Nh9, Zaheerabad, Medak, Telangana, 502220",JC Brothers,Marri Retail,17.6901515,77.5998997,google_raw,71166.0,97628.0,manual_web,"NH 65, Zaheerabad, Telangana, India"
31,JC Brothers - Dilsukhnagar,500060,Hyderabad,Rangareddy,Telangana,"16-11-515/A/1,2,15, TS No.3, TNRS Yelishla Complex, Gaddiannaram, DSNR","16-11-515/A/1,2, 15,Ts No.3, Tnrs Yelishla Complex, Gaddiannaram,Dsnr,Hyderabad, Rangareddy, Telangana, 500060",JC Brothers,Marri Retail,17.3668729,78.52420029999999,google_raw,6731790.0,9234865.0,manual_web,"Gaddiannaram, Dilsukhnagar, Hyderabad, Telangana, India"
1,Kalamandir - Patny,500003,Secunderabad,Hyderabad,Telangana,"H no. 1, Taj Tristar Building, Vasavi Towers, 1-40, Sarojini Devi Rd, Kalasiguda","H no. 1, Taj Tristar Building, Vasavi Towers, 1-40, Sarojini Devi Rd, Krishna Complex, Kalasiguda, Secunderabad, Telangana 500003",Kalamandir,SSKL Ltd,17.4412221,78.4937485,google_raw,217910.0,298935.0,manual_web,"Vasavi Towers, Sarojini Devi Rd, Krishna Complex, Kalasiguda, Secunderabad, Telangana 500003, India"
2,Kalamandir (KPHB),500072,Hyderabad,Hyderabad,Telangana,"2-22-299-1, PRR Estate, 7-A, KPHB Main Rd, Kukatpally","2-22-299-1, PRR Estate, 7-A, KPHB Main Rd, Hmt Sathavahana Nagar, Kukatpally, Hyderabad, Telangana 500072",Kalamandir,SSKL Ltd,17.4951249,78.39998849999999,google_raw,6731790.0,9234865.0,manual_web,"PRR Estate, 2-22-299-1, KPHB Main Rd, Hmt Sathavahana Nagar, Kukatpally, Hyderabad, Telangana 500072, India"
3,Kalamandir Kalyan Nagar,560043,Bengaluru,Bengaluru,Karnataka,"5AC, 404, Hennur Main Rd, HRBR Layout 2nd Block","5AC, 404, Hennur Main Rd, HRBR Layout 2nd Block, HRBR Layout, Kacharakanahalli, Bengaluru, Karnataka 560043",Kalamandir,SSKL Ltd,13.0248762,77.6315819,google_raw,8443675.0,12139784.0,manual_web,"404, 1M-404, Hennur Main Rd, HRBR Layout 3rd Block, HRBR Layout, Kalyan Nagar, Bengaluru, Karnataka 560043, India"
4,Kalamandir Marathahalli ORR,560037,Bengaluru,Bengaluru,Karnataka,"Ward No. 85, 1/24, near Outer Ring Road, Anand Nagar","Ward No. 85, 1/24, Taluk, near Marathahalli - Sarjapur Outer Ring Road, Anand Nagar, East, K. R. Puram Hobli, Bengaluru, Karnataka 560037",Kalamandir,SSKL Ltd,12.9562107,77.700929,google_raw,8443675.0,12139784.0,manual_web,"Marathahalli - Sarjapur Outer Ring Rd, Aswath Nagar, Marathahalli, Bengaluru, Karnataka, India"
5,Kalamandir - Chickpet,560053,Bengaluru,Bengaluru,Karnataka,"202, D. M. Arcade, Chickpet Rd, Ragipet, Mamulpet","202, D. M. Arcade, Chickpet Rd, Ragipet, Mamulpet, Chickpet, Bengaluru, Karnataka 560053",Kalamandir,SSKL Ltd,12.9685462,77.57735149999999,google_raw,8443675.0,12139784.0,manual_web,"202, Chickpet Rd, Ragipet, Mamulpet, Chickpet, Bengaluru, Karnataka 560053, India"
6,Kalamandir - Kakinada,533001,Kakinada,Kakinada,Andhra Pradesh,"#13-1, 31/1, Main Rd, opp. Town Hall, G O Colony","# 13-1, 31/1, Main Rd, opp. Town Hall, G O Colony, Kakinada, Andhra Pradesh 533001",Kalamandir,SSKL Ltd,16.9613396,82.23570629999999,google_raw,312538.0,428749.0,census_exact,"31, Main Rd, Surya Rao Peta, Kakinada, Andhra Pradesh 533001, India"
7,Kalamandir - Vijayawada,520002,Vijayawada,Krishna,Andhra Pradesh,"#27, 16-61, Besant Rd, Governor Peta","#27, 16-61, Besant Rd, Governor Peta, Vijayawada, Andhra Pradesh 520002",Kalamandir,SSKL Ltd,16.5083451,80.62596169999999,google_raw,1021806.0,1401743.0,census_contains,"#27, 16-94, Besant Rd, near Raghavaiah Park, Governor Peta, Vijayawada, Andhra Pradesh 520002, India"
8,Kalamandir - Vizag,530003,Visakhapatnam,Visakhapatnam,Andhra Pradesh,"10-1-41/1, Waltair Uplands, Asilmetta","10-1-41/1, Waltair Uplands, Asilmetta, Visakhapatnam, Andhra Pradesh 530003",Kalamandir,SSKL Ltd,17.7251177,83.31449479999999,google_raw,2035922.0,2792937.0,manual_web,"10-1, Waltair Uplands, Sector 38B, Asilmetta, Visakhapatnam, Andhra Pradesh 530003, India"
9,Kalamandir - Rajamahendravaram,533101,Rajamahendravaram,East Godavari,Andhra Pradesh,"#11-13-6, Beside Fort Gate Main Road, Kotagummam","# 11-13-6 Beside Fort Gate Main Road Kota gummam, Mangalavaripeta, Rajamahendravaram, Andhra Pradesh 533101",Kalamandir,SSKL Ltd,17.0051985,81.77033689999999,google_raw,341831.0,468934.0,manual_web,"Fort gate, 10/15/16, Main Rd, Mangalavaripeta, Rajamahendravaram, Andhra Pradesh 533101, India"
10,Kalamandir - Kanakapura,560062,Bengaluru,Bengaluru,Karnataka,"46/2B and 49.1, Kanakapura Main Rd, Konanakunte","46/2B and 49.1, Kanakapura Main Rd, Venkatareddy Layout, Dodakallasandra village, Konanakunte, Bengaluru, Karnataka 560062",Kalamandir,SSKL Ltd,12.8866788,77.5589645,google_raw,8443675.0,12139784.0,manual_web,"Kanakapura Main Rd, Venkatareddy Layout, Bikasipura, Bengaluru, Karnataka, India"
11,Brand Mandir - Jubilee Hills,500033,Hyderabad,Hyderabad,Telangana,"Plot No 1165, Road No 56, G Ram Reddy Marg, Jubilee Hills","Plot No 1165, RoadNo 56, G Ram Reddy Marg, Jubilee Hills, Hyderabad, Telangana 500033",Brand Mandir,SSKL Ltd,17.4282863,78.4066276,google_raw,6731790.0,9234865.0,manual_web,"1165, Rd Number 56, Jubilee Hills, Hyderabad, Telangana 500033, India"
12,Brand Mandir - Banjara Hills,500034,Hyderabad,Hyderabad,Telangana,"No. 8, 2-608/12, Rd No 10, Near Star Hospital, Gaffar Khan Colony, Banjara Hills","No. 8, 2-608/12, Rd Number 10, Near Star Hospital, Gaffar Khan Colony, Banjara Hills, Hyderabad, Telangana 500034",Brand Mandir,SSKL Ltd,17.415526,78.44296349999999,google_raw,6731790.0,9234865.0,manual_web,"Plot No: 8, Wellknox Medical Rehabilitation Centre, 2-608, Road No. 10, behind Ofen Bakery, Gaffar Khan Colony, Banjara Hills, Hyderabad, Telangana 500034, India"
13,Brand Mandir - Khajaguda,500089,Hyderabad,Hyderabad,Telangana,"Inside ARKA Rochish Manikonda, Khajaguda–Nanakramguda Rd, Sai Vaibhav Layout, Chitrapuri Colony, Gachibowli","Inside ARKA Rochish Manikonda, Khajaguda - Nanakramguda Rd, opposite Andhra Bank, Sai Vaibhav Layout, Chitrapuri Colony, Gachibowli, Hyderabad, Telangana 500089, India",Brand Mandir,SSKL Ltd,17.4187525,78.3753411,google_raw,6731790.0,9234865.0,manual_web,"Arka Rochish, Niharika Inter Lake, syno 43, Khajaguda - Nanakramguda Rd, Opposite to Andhra Bank, Sai Vaibhav Layout, Chitrapuri Colony, Gachibowli, Manikonda, Hyderabad, Telangana 500104, India"
14,"KLM Fashion Mall - Ameerpet, Hyderabad",500016,Hyderabad,Hyderabad,Telangana,"H.No:6-3-781/6/1A, Near Ameerpet Bus Stop, Ameerpet, Punjagutta Officers Colony","H.No:6-3-781/6/1A, Near Ameerpet Bus Stop, Ameerpet, Punjagutta Officers Colony, Hyderabad, Telangana 500016",KLM Fashion Mall,SSKL Ltd,17.4309486,78.4484974,google_raw,6731790.0,9234865.0,manual_web,"Ameerpet, Ameerpet Rd, Pratap Nagar, Nagarjuna Nagar colony, Yella Reddy Guda, Hyderabad, Telangana 500073, India"
15,"KLM Fashion Mall - Chandanagar, Hyderabad",500050,Hyderabad,Hyderabad,Telangana,"Gangaram, Engineers Enclave, Chanda Nagar","Gangaram, Engineers Enclave, Chanda Nagar, Hyderabad, Telangana 500050",KLM Fashion Mall,SSKL Ltd,17.4933665,78.3340624,google_raw,6731790.0,9234865.0,manual_web,"Gangaram, Engineers Enclave, Chanda Nagar, Hyderabad, Telangana 500050, India"
16,"KLM Fashion Mall - Kukatpally, Hyderabad",500085,Hyderabad,Medchal-Malkajgiri,Telangana,"MIG First Phase, KPHB Colony, Dharma Reddy Colony Phase I","MIG First Phase, KPHB Colony, Next To Malabar Gold, Dharma Reddy Colony Phase I, Kukatpally, Hyderabad, Telangana 500085",KLM Fashion Mall,SSKL Ltd,17.495844,78.396648,google_raw,6731790.0,9234865.0,manual_web,"Kphb Colony, Dharma Reddy Colony Phase I, Kukatpally, Hyderabad, Telangana 500072, India"
17,"KLM Fashion Mall - AS Rao Nagar, Hyderabad",500062,Hyderabad,Medchal-Malkajgiri,Telangana,"Plot No.1 & 2, Anupuram, ECIL","Plot No.1 & 2, Anupuram, ECIL, Dr AS Rao Nagar, Hyderabad, Telangana 500062",KLM Fashion Mall,SSKL Ltd,17.4727543,78.5628752,google_raw,6731790.0,9234865.0,manual_web,"2, MJ Colony Street 1, Kamalanagar, MJ Colony, Moula Ali, Secunderabad, Telangana 500040, India"
18,"KLM Fashion Mall - Patny, Hyderabad",500003,Secunderabad,Hyderabad,Telangana,"RP Rd, opp. Indian Post Office, Kummari Guda, Shivaji Nagar","RP Rd, opp. Indian Post Office, Kummari Guda, Shivaji Nagar, Secunderabad, Telangana 500003",KLM Fashion Mall,SSKL Ltd,17.4352964,78.4935041,google_raw,217910.0,298935.0,manual_web,"Rashtrapati Rd, Secunderabad, Telangana 500003, India"
19,"KLM Fashion Mall - Boduppal, Hyderabad",500098,Hyderabad,Medchal-Malkajgiri,Telangana,"Plot No.1, Survey no.102, opp. Tulip Grand Hotel, Om Vihar Colony","Plot No.1, Survey no.102, opp. Tulip Grand Hotel, Om Vihar Colony, Medipally, Peerzadiguda, Hyderabad, Telangana 500098",KLM Fashion Mall,SSKL Ltd,17.4071921,78.59837430000002,google_raw,6731790.0,9234865.0,manual_web,"Om Vihar Colony, Medipally, Canara Nagar, Peerzadiguda, Hyderabad, Telangana 500098, India"
20,"KLM Fashion Mall - Vanasthalipuram, Hyderabad",500070,Hyderabad,Hyderabad,Telangana,"Plot no.54, Agamaiah Colony, Chintalakunta","Plot no.54, Agamaiah colony, Chintalakunta, Vanasthalipuram, Hyderabad, Telangana 500070",KLM Fashion Mall,SSKL Ltd,17.3272331,78.57803960000001,google_raw,6731790.0,9234865.0,manual_web,"Plot No, 156, Street Number 13, Kamala Nagar, Vanasthalipuram, Hyderabad, Telangana 500070, India"
21,"KLM Fashion Mall - Dilsukhnagar, Hyderabad",500035,Hyderabad,Hyderabad,Telangana,"NH 65, Beside RS Brothers, Gaddiannaram","National Highway 65 Beside RS Brothers Gaddiannadram, Dilsukhnagar, Hyderabad, Telangana 500035",KLM Fashion Mall,SSKL Ltd,17.3682751,78.5225499,google_raw,6731790.0,9234865.0,manual_web,"Dilsukh Nagar Main Rd, Gaddiannaram, Madhura Puri Colony, Dilsukhnagar, Hyderabad, Telangana 500060, India"
22,"KLM Fashion Mall - Suchitra, Hyderabad",500067,Hyderabad,Medchal-Malkajgiri,Telangana,"NH 44, Green Park, Jeedimetla","NH 44, Green Park, Jeedimetla, Hyderabad, Telangana 500067",KLM Fashion Mall,SSKL Ltd,17.5036295,78.4784178,google_raw,6731790.0,9234865.0,manual_web,"NH 44, Green Park, Jeedimetla, Hyderabad, Telangana, India"
23,KLM Fashion Mall - Khammam,507001,Khammam,Khammam,Telangana,"H. No: 9-11-153, 154, 155, Kasba Bazar","H. No: 9-11-153,154,155, Kasba Bazar, Khammam, Telangana 507001",KLM Fashion Mall,SSKL Ltd,17.2466917,80.1422848,google_raw,184210.0,252705.0,manual_web,"Kasba Bazar, Braman Bazar, Nizampet, Khammam, Telangana 507001, India"
24,KLM Fashion Mall - Visakhapatnam,530020,Visakhapatnam,Visakhapatnam,Andhra Pradesh,"No 28-2-52, Mothi Towers, Suryabagh, Jagadamba Junction","No 28-2-52, Mothi Towers, Suryabagh, Jagadamba Junction, Visakhapatnam, Andhra Pradesh 530020, India",KLM Fashion Mall,SSKL Ltd,17.711546,83.3002095,google_raw,2035922.0,2792937.0,manual_web,"Suryabagh, Jagadamba Junction, Visakhapatnam, Andhra Pradesh, India"
25,KLM Fashion Mall - Nellore,524001,Nellore,Nellore,Andhra Pradesh,"16/112, Trunk Rd, Pogathota","16/112, Trunk Rd, Pogathota, Nellore, Andhra Pradesh 524001, India",KLM Fashion Mall,SSKL Ltd,14.4500233,79.9834523,google_raw,547621.0,751242.0,census_exact,"FX2M+294, 16/1/608, Trunk Rd, Brindavan Colony, Pogathota, Nellore, Andhra Pradesh 524001, India"
26,KLM Fashion Mall - Rajahmundry,533103,Rajamahendravaram,East Godavari,Andhra Pradesh,"Srinivas Nagar, Gandhipuram","Srinivas Nagar, Gandhipuram, Rajahmundry, Andhra Pradesh 533103, India",KLM Fashion Mall,SSKL Ltd,17.0078492,81.7943868,google_raw,341831.0,468934.0,manual_web,"Srinivas Nagar, Gandhipuram, Rajamahendravaram, Andhra Pradesh 533103, India"
27,KLM Fashion Mall - Bhimavaram,534201,Bhimavaram,West Godavari,Andhra Pradesh,Mavullamma Temple Street,"Mavullamma temple street, Bhimavaram, Andhra Pradesh 534201, India",KLM Fashion Mall,SSKL Ltd,16.5427613,81.5248175,google_raw,146961.0,201605.0,census_exact,"Mavullamma, Temple Street, Gandhinagar, Bhimavaram, Andhra Pradesh 534201, India"
28,"KLM Fashion Mall - Gajuwaka, Andhra Pradesh",530026,Visakhapatnam,Visakhapatnam,Andhra Pradesh,"10-8-11/2, near CMR Shopping Mall","10-8-11/2, near CMR Shopping Mall, Gajuwaka, Visakhapatnam, Andhra Pradesh 530026",KLM Fashion Mall,SSKL Ltd,17.685264,83.2117645,google_raw,2035922.0,2792937.0,manual_web,"10-8-5, 6-12, GNT Rd, beside Mangalagiri Complex, Gajuwaka, Andhra Pradesh 530026, India"
29,"KLM Fashion Mall - Marathahalli, Bengaluru",560037,Bengaluru,Bengaluru,Karnataka,"518, Varthur Rd, Marathahalli Village","518, Varthur Rd, Marathahalli Village, Marathahalli, Bengaluru, Karnataka 560037",KLM Fashion Mall,SSKL Ltd,12.9571943,77.7000271,google_raw,8443675.0,12139784.0,manual_web,"518, Varthur Main Rd, Subbaiah Reddy Colony, Marathahalli Village, Marathahalli, Bengaluru, Karnataka 560037, India"
30,"KLM Fashion Mall - HSR Layout, Bengaluru",560102,Bengaluru,Bengaluru,Karnataka,"#1676, 27th Main Rd, 22nd Cross, 2nd Sector","#1676, 27th Main Road, 22nd Cross Rd, 2nd Sector, HSR Layout, Bengaluru, Karnataka 560102",KLM Fashion Mall,SSKL Ltd,12.9083225,77.6518317,google_raw,8443675.0,12139784.0,manual_web,"1676, 27th Main Rd, 2nd Sector, PWD Quarters, Sector 2, HSR Layout, Bengaluru, Karnataka 560102, India"
31,"KLM Fashion Mall - Jayanagar, Bengaluru",560041,Bengaluru,Bengaluru,Karnataka,"No 515, 47th Cross Rd, 5th Block","No 515, 47th Cross Rd, 5th Block, Jayanagar, Bengaluru, Karnataka 560041",KLM Fashion Mall,SSKL Ltd,12.9164963,77.5826242,google_raw,8443675.0,12139784.0,manual_web,"515, 47th Cross Rd, 5th Block, TMC Layout, 1st Phase, J. P. Nagar, Bengaluru, Karnataka 560041, India"
32,"Kancheepuram Varamahalakshmi Silks - Saroornagar, Hyderabad",500060,Hyderabad,Hyderabad,Telangana,"#13, 20-66, Saroornagar, Kodandaram Nagar","#13, 20-66, Saroornagar, Kodandaram Nagar, Telangana 500060",Kancheepuram Varamahalakshmi Silks,SSKL Ltd,17.3593398,78.524129,google_raw,6731790.0,9234865.0,manual_web,"13, 20, Saroor Nagar Rd, Saroornagar, Habeeb Nagar, Saroor Nagar East, Hyderabad, Telangana 500060, India"
33,"Kancheepuram Varamahalakshmi Silks - Kukatpally, Hyderabad",500072,Hyderabad,Hyderabad,Telangana,"Hmt Sathavahana Nagar, Kukatpally","Hmt Sathavahana Nagar, Kukatpally, Hyderabad, Telangana 500072",Kancheepuram Varamahalakshmi Silks,SSKL Ltd,17.5009767,78.401997,google_raw,6731790.0,9234865.0,manual_web,"Hmt Sathavahana Nagar, Kukatpally, Hyderabad, Telangana, India"
34,"Kancheepuram Varamahalakshmi Silks - Jubilee Hills, Hyderabad",500033,Hyderabad,Hyderabad,Telangana,"1168, Road No 56, Jubilee Hills","1168, Road No : 56, Jubilee Hills, Hyderabad, Telangana 500033",Kancheepuram Varamahalakshmi Silks,SSKL Ltd,17.4276682,78.407433,google_raw,6731790.0,9234865.0,manual_web,"1168, Rd Number 56, Jubilee Hills, Hyderabad, Telangana 500033, India"
35,"Kancheepuram Varamahalakshmi Silks - Jubilee Hills (Garudadri), Hyderabad",500033,Hyderabad,Hyderabad,Telangana,"Malik Solitaire, Plot no.701 & 701-II, Road No 36","Shop no.3, Malik Solitaire, H.no.8-2-293/82/A/701, Plot no.701 & 701-II, Road No. 36, Aditya Enclave, Venkatagiri, Jubilee Hills, Hyderabad, Telangana 500033",Kancheepuram Varamahalakshmi Silks,SSKL Ltd,17.4305539,78.40604019999999,google_raw,6731790.0,9234865.0,manual_web,"82-A, CBI Colony, Jubilee Hills, Hyderabad, Telangana 500033, India"
36,"Kancheepuram Varamahalakshmi Silks - Patny Centre, Secunderabad",500003,Secunderabad,Hyderabad,Telangana,"Sonabhan Commercial Complex, Rashtrapati Rd","no 1-1-92to94, sonabhan commercial complex, Rashtrapati Rd, Kummari Guda, Shivaji Nagar, Hyderabad, Secunderabad, Telangana 500003",Kancheepuram Varamahalakshmi Silks,SSKL Ltd,17.4420069,78.4956505,google_raw,217910.0,298935.0,manual_web,"Rashtrapati Rd, Kummari Guda, Shivaji Nagar, Hyderabad, Secunderabad, Telangana 500003, India"
37,"Kancheepuram Varamahalakshmi Silks - Ameerpet, Hyderabad",500016,Hyderabad,Hyderabad,Telangana,"Pavani Prestige Complex, Punjagutta Officers Colony","ground floor, Pavani Prestige Complex, 6-3-789, Punjagutta Officers Colony, Ameerpet, Hyderabad, Telangana 500016",Kancheepuram Varamahalakshmi Silks,SSKL Ltd,17.4323632,78.4481186,google_raw,6731790.0,9234865.0,manual_web,"6-3, Punjagutta Officers Colony, Ameerpet, Hyderabad, Telangana 500016, India"
38,"Kancheepuram Varamahalakshmi Silks - AS Rao Nagar, Hyderabad",500062,Hyderabad,Medchal-Malkajgiri,Telangana,"Ground Floor, Dr A S Rao Nagar","shop No: 1, Ground Floor, 6-1, Road, Dr. A. S. Rao Nagar, Secunderabad, Telangana 500062",Kancheepuram Varamahalakshmi Silks,SSKL Ltd,17.4819428,78.55232570000001,google_raw,6731790.0,9234865.0,manual_web,"6, 1st Cross Rd, Gokul Nagar, Dr. A. S. Rao Nagar, Secunderabad, Telangana 500062, India"
39,"Kancheepuram Varamahalakshmi Silks - Chandanagar, Hyderabad",500050,Hyderabad,Hyderabad,Telangana,"KLM Fashion Mall, Survey No 315/2","Ground Floor of, KLM Fashion Mall, Survey No:315/2, Chanda Nagar, Hyderabad, Telangana 500050",Kancheepuram Varamahalakshmi Silks,SSKL Ltd,17.4948003,78.3329226,google_raw,6731790.0,9234865.0,manual_web,"Beside Mebaz Showroom, Survey no: 315/2, 2-125, Gangaram, Engineers Enclave, Chanda Nagar, Hyderabad, Telangana 500050, India"
40,Kancheepuram Varamahalakshmi Silks - Khammam (Kasba Bazar),507001,Khammam,Khammam,Telangana,"Ali & Son's Commercial Complex, Kasba Bazar","Ali&Son's Commercial complex, 9-4-209, Kasba Bazar, Braman Bazar, Nizampet, Khammam, Telangana 507001",Kancheepuram Varamahalakshmi Silks,SSKL Ltd,17.2473668,80.1424621,google_raw,184210.0,252705.0,manual_web,"Bommidi Complex, 9-4-88, Kasba Bazar, Ramachandra Nagar Colony, Nizampet, Khammam, Telangana 507001, India"
41,Kancheepuram Varamahalakshmi Silks - Khammam (Bypass Rd),507002,Khammam,Khammam,Telangana,"Vijaynagar Colony 2, Bank Colony","1-13, Bypass Rd, Vijaynagar Colony 2, Bank Colony, Khammam, Telangana 507002",Kancheepuram Varamahalakshmi Silks,SSKL Ltd,17.2631448,80.1553826,google_raw,184210.0,252705.0,manual_web,"Vijaynagar Colony 2, Raparthi Nagar, Khammam, Telangana 507002, India"
42,Kancheepuram Varamahalakshmi Silks - Vijayawada,520010,Vijayawada,Krishna,Andhra Pradesh,"39-17-10, Sivanandam Street, Labbipet","39-17-10, Sivanandam Street, Mogalrajapuram, Labbipet, Vijayawada, Andhra Pradesh 520010",Kancheepuram Varamahalakshmi Silks,SSKL Ltd,16.5059513,80.6451779,google_raw,1021806.0,1401743.0,census_contains,"Mogalrajapuram, Christurajupuram, Vijayawada, Andhra Pradesh 520010, India"
43,Kancheepuram Varamahalakshmi Silks - Nellore,524003,Nellore,Nellore,Andhra Pradesh,"Plot no 5, Mini Bypass Rd, Guduru Layout","Konda Balarami Reddy Layout, Plot no:5, Mini Bypass Road, Guduru BhaskaraRami Reddy Layout, Nellore, Andhra Pradesh 524003",Kancheepuram Varamahalakshmi Silks,SSKL Ltd,14.4280774,79.9752188,google_raw,547621.0,751242.0,census_exact,"5, Mini Bypass Road, ISKCON City, Ravindra Nagar, Nellore, Andhra Pradesh 524003, India"
44,Kancheepuram Varamahalakshmi Silks - Rajahmundry,533101,Rajamahendravaram,East Godavari,Andhra Pradesh,"Pushkar Ghat Circle, Mangalavaripeta","10-1-24, Pushkar Ghat Cir, Mangalavaripeta, Rajamahendravaram, Andhra Pradesh 533101",Kancheepuram Varamahalakshmi Silks,SSKL Ltd,17.0058184,81.7690549,google_raw,341831.0,468934.0,manual_web,"10, Pushkar Ghat Cir, Mangalavaripeta, Rajamahendravaram, Andhra Pradesh 533101, India"
45,Kancheepuram Varamahalakshmi Silks - Guntur,522007,Guntur,Guntur,Andhra Pradesh,"MIG-7, 3rd Line, Lakshmipuram","MIG-7, 3rd Line, Lakshmipuram, APHB Colony, Guntur, Andhra Pradesh 522007",Kancheepuram Varamahalakshmi Silks,SSKL Ltd,16.3113693,80.4295588,google_raw,670073.0,919226.0,census_exact,"MIG-7, 3rd Line, Lakshmipuram, APHB Colony, Guntur, Andhra Pradesh 522007, India"
46,Kancheepuram Varamahalakshmi Silks - Bhimavaram,534201,Bhimavaram,West Godavari,Andhra Pradesh,"Satya Sai Plaza, Temple Street","Satya Sai Plaza, D.No-22-07-27, Sri Mavullamma Temple Street, Bhimavaram, Andhra Pradesh 534201",Kancheepuram Varamahalakshmi Silks,SSKL Ltd,16.5427613,81.5248175,google_raw,146961.0,201605.0,census_exact,"Mavullamma, Temple Street, Gandhinagar, Bhimavaram, Andhra Pradesh 534201, India"
47,Kancheepuram Varamahalakshmi Silks - Tadepalligudem,534101,Tadepalligudem,West Godavari,Andhra Pradesh,"Near RTC Complex, Housing Board Colony","near RTC Complex, Housing Board Colony, Kadakatla, Andhra Pradesh 534101",Kancheepuram Varamahalakshmi Silks,SSKL Ltd,16.8268351,81.5171254,google_raw,104032.0,142714.0,census_exact,"Housing Board Colony, Kadakatla, Andhra Pradesh 534101, India"
48,Kancheepuram Varamahalakshmi Silks - Tirupati,517501,Tirupati,Tirupati,Andhra Pradesh,"Door no.19, Air Bypass Rd, Bairagi Patteda","Door no.19, 8/112/5C, Air Bypass Rd, Bairagi patteda, Tirupati, Andhra Pradesh 517501",Kancheepuram Varamahalakshmi Silks,SSKL Ltd,13.6224108,79.4138822,google_raw,287482.0,394376.0,census_exact,"No 19, 8-112/A, Air Bypass Rd, New Balaji Colony, Tirupati, Andhra Pradesh 517502, India"
49,Kancheepuram Varamahalakshmi Silks - Kakinada,533001,Kakinada,Kakinada,Andhra Pradesh,"Ayyappa Towers, Subhash Rd, Surya Rao Peta","No, 13/1, Ayyappa Towers -5, Subhash Rd, Surya Rao Peta, Kakinada, Andhra Pradesh 533001",Kancheepuram Varamahalakshmi Silks,SSKL Ltd,16.9613042,82.2359724,google_raw,312538.0,428749.0,census_exact,"5-1-57, Subhash Rd, near Woodland showroom, Surya Rao Peta, Kakinada, Andhra Pradesh 533001, India"
50,"Kancheepuram Varamahalakshmi Silks - Mylapore, Chennai",600004,Chennai,Chennai,Tamil Nadu,"152, Luz Church Rd, Mylapore","VARAMAHALAKHSMI SILKS Sai Silks (Kalamandir) Limited 152, Luz Church Rd, Mylapore, Chennai, Tamil Nadu 600004",Kancheepuram Varamahalakshmi Silks,SSKL Ltd,13.0388844,80.2584055,google_raw,4646732.0,6153484.0,census_exact,"VARAMAHALAKHSMI SILKS Sai Silks (Kalamandir) Limited 152, Old No 96 / 1 Ground Floor, Luz Church Rd, CIT Colony, Mylapore, Chennai, Tamil Nadu 600004, India"
51,Kancheepuram Varamahalakshmi Silks - Kanchipuram,631501,Kanchipuram,Kanchipuram,Tamil Nadu,"16, Gandhi Rd","16, Gandhi Rd, Kanchipuram, Tamil Nadu 631501",Kancheepuram Varamahalakshmi Silks,SSKL Ltd,12.8298897,79.70428319999999,google_raw,164384.0,217687.0,manual_web,"16, Gandhi Rd, Kanchipuram, Tamil Nadu 631501, India"
52,"Kancheepuram Varamahalakshmi Silks - Anna Nagar, Chennai",600040,Chennai,Chennai,Tamil Nadu,"AB 149, Anna Nagar 3rd Main Rd","AB 149, Anna Nagar 3rd Main Rd, Anna Nagar, Chennai, Tamil Nadu 600040",Kancheepuram Varamahalakshmi Silks,SSKL Ltd,13.0887923,80.2155075,google_raw,4646732.0,6153484.0,census_exact,"149, Anna Nagar 3rd Main Rd, Block V, W Block, Anna Nagar, Chennai, Tamil Nadu 600040, India"
53,"Kancheepuram Varamahalakshmi Silks - T Nagar, Chennai",600017,Chennai,Chennai,Tamil Nadu,"No 102, Sir Thyagaraya Rd","No - 102, 1, Sir Thyagaraya Rd, T Nagar, Chennai, Tamil Nadu 600017",Kancheepuram Varamahalakshmi Silks,SSKL Ltd,13.0411809,80.2354537,google_raw,4646732.0,6153484.0,census_exact,"No 102, 1, Sir Thyagaraya Rd, T. Nagar, Chennai, Tamil Nadu 600017, India"
54,Kancheepuram Varamahalakshmi Silks - Coimbatore (100 ft Rd),641012,Coimbatore,Coimbatore,Tamil Nadu,"AP Towers, Dr Rajendra Prasad Rd","AP Towers, 374, Dr Rajendra Prasad Rd, Coimbatore, Tamil Nadu 641012",Kancheepuram Varamahalakshmi Silks,SSKL Ltd,11.0194409,76.9615701,google_raw,1050721.0,1391428.0,census_exact,"2X96+QJG, Dr Rajendra Prasad Rd, Tatabad, Gandhipuram, Coimbatore, Tamil Nadu 641012, India"
55,Kancheepuram Varamahalakshmi Silks - Coimbatore (Race Course),641018,Coimbatore,Coimbatore,Tamil Nadu,"No 184/1, Race Course Rd","No-184/1, Race Course Rd, Coimbatore, Tamil Nadu 641018",Kancheepuram Varamahalakshmi Silks,SSKL Ltd,11.0040984,76.9804851,google_raw,1050721.0,1391428.0,census_exact,"184/1, Race Course Rd, Race Course, Puliakulam, Coimbatore, Tamil Nadu 641018, India"
56,Kancheepuram Varamahalakshmi Silks - Poonamallee,600056,Chennai,Chennai,Tamil Nadu,"780, Trunk Rd, Rukmani Nagar","780, Trunk Rd, Poonamallee, Chennai, Tamil Nadu 600056",Kancheepuram Varamahalakshmi Silks,SSKL Ltd,13.049928,80.092308,google_raw,4646732.0,6153484.0,census_exact,"780, Trunk Rd, Rukmani Nagar, Poonamallee, Chennai, Tamil Nadu 600056, India"
57,Kancheepuram Varamahalakshmi Silks - Purasaiwakkam,600084,Chennai,Chennai,Tamil Nadu,"25/E, Raja Annamalai Rd","25/E, Raja Annamalai Rd, Purasaiwakkam, Chennai, Tamil Nadu 600084",Kancheepuram Varamahalakshmi Silks,SSKL Ltd,13.0815849,80.2546964,google_raw,4646732.0,6153484.0,census_exact,"25, Raja Annamalai Rd, Perambur, Chennai, Tamil Nadu 600084, India"
58,Kancheepuram Varamahalakshmi Silks - Salem,636455,Salem,Salem,Tamil Nadu,"Dharmapuri Main Rd, Panjakalipatti","Q285+CQ9, Dharmapuri Main Rd, Panjakalipatti, Tamil Nadu 636455",Kancheepuram Varamahalakshmi Silks,SSKL Ltd,11.7649244,78.0105899,google_raw,829267.0,1098166.0,census_exact,"Dharmapuri Main Rd, Panjakalipatti, Tamil Nadu, India"
59,"Kancheepuram Varamahalakshmi Silks - Swarnapuri, Salem",636004,Salem,Salem,Tamil Nadu,"Omalur Main Rd, Swarnapuri","Opp. New Bus Stand, 4 Roads Circle, Omalur Main Rd, Swarnapuri, Salem, Tamil Nadu 636004",Kancheepuram Varamahalakshmi Silks,SSKL Ltd,11.6627019,78.14830540000001,google_raw,829267.0,1098166.0,census_exact,"4 Roads Bus Stop, Omalur Main Rd, Peramanur, Salem, Tamil Nadu 636007, India"
60,Kancheepuram Varamahalakshmi Silks - Hosur,635126,Hosur,Krishnagiri,Tamil Nadu,"STEP Colony, Amirtha Nagar","986, STEP Colony, Amirtha Nagar, Hosur, Tamil Nadu 635126",Kancheepuram Varamahalakshmi Silks,SSKL Ltd,12.7467335,77.8116605,google_raw,116821.0,154701.0,census_exact,"986, STEP Colony, Amirtha Nagar, Mookondapalli, Hosur, Tamil Nadu 635126, India"
61,Kancheepuram Varamahalakshmi Silks - Madurai,625107,Madurai,Madurai,Tamil Nadu,"Melur Main Rd, Uthangudi","Ground Floor and First Floor, R.S, 28/5B, Melur Main Rd, Uthangudi, Madurai, Tamil Nadu 625107",Kancheepuram Varamahalakshmi Silks,SSKL Ltd,9.9483637,78.161144,google_raw,1017865.0,1347918.0,census_exact,"285b, Melur Main Rd, PO, T M Nagar, Uthangudi, Madurai, Tamil Nadu 625107, India"
62,Kancheepuram Varamahalakshmi Silks - Adyar,600020,Chennai,Chennai,Tamil Nadu,"1st Ave, Indira Nagar","1st Ave, Indira Nagar, Adyar, Chennai, Tamil Nadu 600020",Kancheepuram Varamahalakshmi Silks,SSKL Ltd,12.9967985,80.251916,google_raw,4646732.0,6153484.0,census_exact,"1st Ave, Indira Nagar, Adyar, Chennai, Tamil Nadu, India"
63,Kancheepuram Varamahalakshmi Silks - Tiruchirappalli,620018,Tiruchirappalli,Tiruchirappalli,Tamil Nadu,"ST MP Complex, Shastri Rd","ST MP Complex, B-26, Shastri Rd, Tennur, Tiruchirappalli, Tamil Nadu 620018",Kancheepuram Varamahalakshmi Silks,SSKL Ltd,10.8253477,78.6867086,google_raw,847387.0,1122161.0,census_exact,"ST MP Complex, B-26, Shastri Rd, North East Extension, Tennur, Tiruchirappalli, Tamil Nadu 620018, India"
64,Kancheepuram Varamahalakshmi Silks - Pondicherry,605011,Puducherry,Puducherry,Puducherry,Anna Salai,"WRQG+VHC, Anna Salai, Subbarayapillai Chathiram, Puducherry, 605011",Kancheepuram Varamahalakshmi Silks,SSKL Ltd,11.9321097,79.8241721,google_raw,244377.0,367639.0,census_exact,"Anna Salai, Subbarayapillai Chathiram, Puducherry, 605001, India"
65,"Kancheepuram Varamahalakshmi Silks - Jayanagar, Bengaluru",560041,Bengaluru,Bengaluru,Karnataka,"46th Cross Rd, 9th Main Rd","46th Cross Road, 33, 9th Main Rd, J P Nagar, Bengaluru, Karnataka 560041",Kancheepuram Varamahalakshmi Silks,SSKL Ltd,12.9169327,77.5833079,google_raw,8443675.0,12139784.0,manual_web,"33, 46th Cross Rd, 20th main, TMC Layout, 5th Block, Jayanagar, Bengaluru, Karnataka 560078, India"
66,"Kancheepuram Varamahalakshmi Silks - Malleshwaram, Bengaluru",560003,Bengaluru,Bengaluru,Karnataka,"143, 8th Cross Rd, Margosa Rd","143, 8th Cross Road, Margosa Rd, Malleshwaram, Bengaluru, Karnataka 560003",Kancheepuram Varamahalakshmi Silks,SSKL Ltd,12.9991208,77.5696205,google_raw,8443675.0,12139784.0,manual_web,"143, 8th Cross Rd, Yalappa Garden, Malleshwaram, Bengaluru, Karnataka 560003, India"
67,"Kancheepuram Varamahalakshmi Silks - Chickpet, Bengaluru",560053,Bengaluru,Bengaluru,Karnataka,"No. 245 & 246, AS Char St","No. 245 & 246, AS Char St, Chickpet, Bengaluru, Karnataka 560053",Kancheepuram Varamahalakshmi Silks,SSKL Ltd,12.9672971,77.5742862,google_raw,8443675.0,12139784.0,manual_web,"Arcot Srinivasachar St, Chickpet, Bengaluru, Karnataka, India"
68,Kancheepuram Varamahalakshmi Silks - Tumkur,572101,Tumakuru,Tumakuru,Karnataka,"Naja Jyothi Arcade, K R Extension","Site No. 17, Naja Jyothi Arcade, K R Extension, Tumkur, Karnataka 572101",Kancheepuram Varamahalakshmi Silks,SSKL Ltd,13.3376158,77.1058381,google_raw,302143.0,434402.0,manual_web,"KR Extension Bus Stop, Ward No. 18, Tumkur, Tumakur, Karnataka 572101, India"
69,Kancheepuram Varamahalakshmi Silks - Davangere,577004,Davangere,Davangere,Karnataka,"Dental College Rd, MCC B Block","2659/2, Dental College Rd, MCC B Block, Davangere, Karnataka 577004",Kancheepuram Varamahalakshmi Silks,SSKL Ltd,14.4501228,75.9270051,google_raw,434971.0,625374.0,manual_web,"College Rd, Davangere, Karnataka 577008, India"
70,Kancheepuram Varamahalakshmi Silks - Mysore,570002,Mysuru,Mysuru,Karnataka,Gokulam Main Rd,"Situated at - 2906 New no 5 2 & 5/3, Gokulam Main Rd, Mysuru, Karnataka 570002",Kancheepuram Varamahalakshmi Silks,SSKL Ltd,12.3280914,76.6284627,google_raw,920550.0,1323509.0,manual_web,"Gokulam Main Rd, Mysuru, Karnataka 570002, India"
1,RS Brothers - Ameerpet,500082,Hyderabad,Hyderabad,Telangana,"211, 2nd Floor, Pavani Prestige, Ameerpet Rd, Punjagutta Officers Colony, Punjagutta","211, 2nd Floor, Pavani Prestige, Ameerpet Rd, Punjagutta Officers Colony, Punjagutta, Hyderabad, Telangana 500082, India",RS Brothers,RS Brothers,17.4316434,78.4480026,google_raw,6731790.0,9234865.0,manual_web,"Ameerpet Rd, Punjagutta Officers Colony, Punjagutta, Hyderabad, Telangana, India"
2,RS Brothers - Attapur,500048,Hyderabad,Hyderabad,Telangana,"Inner Ring Rd, Attapur, Somi Reddy Nagar, Radha Krishna Nagar","Inner Ring Rd, Attapur, Somi Reddy Nagar, Radha Krishna Nagar, Hyderabad, Telangana 500048, India",RS Brothers,RS Brothers,17.3716217,78.4294307,google_raw,6731790.0,9234865.0,manual_web,"Inner Ring Rd, Somi Reddy Nagar, Huda Colony, Attapur, Telangana, India"
3,RS Brothers - Chandha Nagar,500050,Hyderabad,Hyderabad,Telangana,"2-105/2/1, NH 65, Sri Ram Nagar Colony, Chanda Nagar","2-105/2/1, NH 65, Sri Ram Nagar Colony, Chanda Nagar, Hyderabad, Telangana 500050, India",RS Brothers,RS Brothers,17.49549,78.331878,google_raw,6731790.0,9234865.0,manual_web,"2-105/2/1, NH 65, Sri Ram Nagar Colony, Chanda Nagar, Hyderabad, Telangana 500050, India"
4,RS Brothers - Dilsukh Nagar,500060,Hyderabad,Hyderabad,Telangana,"16-11-515/1/B, KP Complex, Main Road, beside Venkataadri Cinema, Gaddiannaram, Madhura Puri Colony","16-11-515/1/B, KP Complex, Main Road, beside Venkataadri Cinema, Gaddiannaram, Madhura Puri Colony, Hyderabad, Telangana 500060, India",RS Brothers,RS Brothers,17.3737679,78.5371834,google_raw,6731790.0,9234865.0,manual_web,"Chaitanyapuri Main Rd, Hyderabad, Telangana 500060, India"
5,RS Brothers - Eluru,520002,Vijayawada,Krishna,Andhra Pradesh,"Besant Road, Eluru Rd, Governor Peta","Besant Rd, Eluru Rd, Governor Peta, Vijayawada, Andhra Pradesh 520002, India",RS Brothers,RS Brothers,16.5135894,80.62718559999999,google_raw,1021806.0,1401743.0,census_contains,"Eluru Rd & Besant Rd, Governor Peta, Vijayawada, Andhra Pradesh 520002, India"
6,RS Brothers - Gachibowli,500032,Hyderabad,Hyderabad,Telangana,"203, Old Mumbai Hwy, near Cyberabad Police Commissionerate, Diamond Hills, HITEC City","203, Old Mumbai Hwy, near Cyberabad Police Commissionerate, Diamond Hills, Jayabheri Pine Valley, HITEC City, Hyderabad, Telangana 500032, India",RS Brothers,RS Brothers,17.4337983,78.3691503,google_raw,6731790.0,9234865.0,manual_web,"203, Old Mumbai Hwy, near Cyberabad Police Commissionerate, Diamond Hills, Jayabheri Pine Valley, HITEC City, Hyderabad, Telangana 500032, India"
7,RS Brothers - Guntur,522001,Guntur,Guntur,Andhra Pradesh,"12-26-16, Madras Guntur Rd, Kothapeta","12-26-16, Madras Guntur Rd, Kothapeta, Guntur, Andhra Pradesh 522001, India",RS Brothers,RS Brothers,16.293813,80.44851799999999,google_raw,670073.0,919226.0,census_exact,"12-26-16, Madras Guntur Rd, Kothapeta, Guntur, Andhra Pradesh 522001, India"
8,RS Brothers - Kakinada,533001,Kakinada,Kakinada,Andhra Pradesh,"28-1-2, Ragampet, Suryanarayan Puram","28-1-2, Ragampet, Suryanarayan Puram, Kakinada, Andhra Pradesh 533001, India",RS Brothers,RS Brothers,16.9496043,82.2350168,google_raw,312538.0,428749.0,census_exact,"28-4-23, Ragam Peta, Kakinada, Andhra Pradesh 533001, India"
9,RS Brothers - Kukatpally,500072,Hyderabad,Hyderabad,Telangana,"Travels Road, 225 & 226, Rd No. 2, opposite City Bus Stop, KPHB Phase 1","Travels Road, 225 & 226, Rd Number 2, opposite City Bus Stop, Kukatpally Housing Board Colony, KPHB Phase 1, Kukatpally, Hyderabad, Telangana 500072, India",RS Brothers,RS Brothers,17.493687,78.4006862,google_raw,6731790.0,9234865.0,manual_web,"225 & 226, Rd Number 2, Opposite City Bus Stop, Kukatpally Housing Board Colony, K P H B Phase 1, Kukatpally, Hyderabad, Telangana 500072, India"
10,RS Brothers - Mehdipatnam,500006,Hyderabad,Hyderabad,Telangana,"12-2-799/16/A/1, Pillar No.24, Mehdipatnam Rd, Ambedkar Colony, Gudimalkapur","12-2-799/16/A/1, Pillar No.24, Mehdipatnam Rd, Ambedkar Colony, Gudimalkapur, Hyderabad, Telangana 500006, India",RS Brothers,RS Brothers,17.3949017,78.4368875,google_raw,6731790.0,9234865.0,manual_web,"24, Mehdipatnam Rd, Ambedkar Colony, Gudimalkapur, Hyderabad, Telangana 500006, India"
11,RS Brothers - Nanded,431602,Nanded,Nanded,Maharashtra,"Shop No: 29-30, Mahatma Phule Market, College Rd, Ravindra Nagar, Vishnu Nagar","Shop No: 29-30, Mahatma Phule Market, College Rd, Ravindra Nagar, Vishnu Nagar, Nanded, Maharashtra 431602, India",RS Brothers,RS Brothers,19.1764367,77.3050441,google_raw,550439.0,738643.0,census_contains,"College Road, Vivek Nagar, Vishnu Nagar, Limbgaon, Nanded, Maharashtra 431602, India"
12,RS Brothers - Nizamabad,503001,Nizamabad,Nizamabad,Telangana,"Rashtrapati Road, NH 63, Kumar Gali","Rashtrapati Rd, NH 63, Kumar Gali, Nizamabad, Telangana 503001, India",RS Brothers,RS Brothers,18.6764739,78.1023951,google_raw,311152.0,426847.0,manual_web,"NH 63, Kumar Gali, Nizamabad, Telangana, India"
13,RS Brothers - Nellore,524001,Nellore,Nellore,Andhra Pradesh,"16/1/617, Grand Trunk Road, Brindavan Colony, Pogathota","16/1/617, Grand Trunk Road, Brindavan Colony, Pogathota, Nellore, Andhra Pradesh 524001, India",RS Brothers,RS Brothers,14.4532135,79.98444789999999,google_raw,547621.0,751242.0,census_exact,"16/1/376, Grand Trunk Road, Kukkalagunta, VRC Centre, Nellore, Andhra Pradesh 524001, India"
14,RS Brothers - Tirupati,517501,Tirupati,Tirupati,Andhra Pradesh,"Hanuman Temple St, Tata Nagar","Hanuman Temple St, Tata Nagar, Tirupati, Andhra Pradesh 517501, India",RS Brothers,RS Brothers,13.6335098,79.4271338,google_raw,287482.0,394376.0,census_exact,"Hanuman Temple St, Tata Nagar, Tirupati, Andhra Pradesh 517501, India"
15,RS Brothers - Vanasthalipuram,500070,Hyderabad,Hyderabad,Telangana,"Panama Godowns, NH 65, Golden Tobacco Colony, Prashanth Nagar, Chintalkunta","Panama Godowns, NH 65, Golden Tobacco Colony, Prashanth Nagar, Chintalkunta, Telangana 500070, India",RS Brothers,RS Brothers,17.3376156,78.5691016,google_raw,6731790.0,9234865.0,manual_web,"Panama Godowns, NH 65, Golden Tobaco Colony, Prashanth Nagar, Vanasthalipuram, Chintalkunta, Telangana 500070, India"
16,RS Brothers - Warangal,506002,Warangal,Warangal,Telangana,"Gourishankar Complex, 7-164, Station Rd, Girmajipet","Gourishankar Complex, 7-164, Station Rd, Girmajipet, Warangal, Telangana 506002, India",RS Brothers,RS Brothers,17.9755922,79.60223289999999,google_raw,364611.0,500184.0,manual_web,"Gourishankar Complex, 7-164, Station Rd, Girmajipet, Warangal, Telangana 506002, India"
17,RS Brothers - Vijayawada,520010,Vijayawada,Krishna,Andhra Pradesh,"40-1-44 MG Road, Labbipet, Venkateshwarapuram, Revenue Colony Park, Sidhartha Nagar","40-1-44 MG Road, Labbipet, Venkateshwarapuram, Revenue Colony Park, Sidhartha Nagar, Vijayawada, Andhra Pradesh 520010, India",RS Brothers,RS Brothers,16.5002063,80.6467452,google_raw,1021806.0,1401743.0,census_contains,"40-1-144, MG Rd, Brindavan Colony, Sriram Nagar, Vijayawada, Andhra Pradesh 520010, India"
18,RS Brothers - Visakhapatnam,530020,Visakhapatnam,Visakhapatnam,Andhra Pradesh,"28-2-48-1 Jagadamba Centre, Suryabagh, Jagadamba Junction","28-2-48-1 Jagadamba Centre, Suryabagh, Jagadamba Junction, Visakhapatnam, Andhra Pradesh 530020, India",RS Brothers,RS Brothers,17.711546,83.3002095,google_raw,2035922.0,2792937.0,manual_web,"Suryabagh, Jagadamba Junction, Visakhapatnam, Andhra Pradesh, India"
19,South India Shopping Mall - Abids,500001,Hyderabad,Hyderabad,Telangana,"Abids Road, Fateh Maidan, Abids","Abids Road, Fateh Maidan, Abids, Hyderabad, Telangana 500001",South India Shopping Mall,RS Brothers,17.3962509,78.4751458,google_raw,6731790.0,9234865.0,manual_web,"Abids Road, Fateh Maidan, Abids, Hyderabad, Telangana 500001, India"
20,South India Shopping Mall - Amalapuram,533201,Amalapuram,East Godavari,Andhra Pradesh,"D. no. 5-3-94, 94/A, Sy. no. 456/2","D. no. 5-3-94, 94/A, Sy. no. 456/2, Amalapuram, East Godavari District, Amalapuram, Andhra Pradesh - 533201",South India Shopping Mall,RS Brothers,16.5774798,82.0031455,google_raw,53231.0,73024.0,census_exact,"Amalapuram, Andhra Pradesh, India"
21,South India Shopping Mall - Anantapur,515001,Anantapur,Anantapur,Andhra Pradesh,"14-113, Adimurthy Nagar, Kamalanagar","14-113, Adimurthy Nagar, Kamalanagar, Anantapur, Andhra Pradesh - 515001",South India Shopping Mall,RS Brothers,14.6800917,77.59842669999999,google_raw,261004.0,358053.0,manual_web,"14-113, Adimurthy Nagar, Kamalanagar, Anantapur, Andhra Pradesh 515001, India"
22,South India Shopping Mall - Ameerpet,500016,Hyderabad,Hyderabad,Telangana,"Imperial Towers, 7-1-617/A, Ameerpet Rd","Imperial Towers, 7-1-617/A, Ameerpet Rd, Hyderabad, Telangana - 500016",South India Shopping Mall,RS Brothers,17.4353657,78.4455349,google_raw,6731790.0,9234865.0,manual_web,"8-3-389/2/A, Ameerpet Rd, Ameerpet, Hyderabad, Telangana 500016, India"
23,South India Shopping Mall - Attapur,500048,Hyderabad,Hyderabad,Telangana,"Plot no. 249–252, Rajendra Nagar Main Road","Plot no. 249 to 252, Sy. no. 369, Pillar no. 152 Rajendra Nagar Main Road, Attapur, Hyderabad, Telangana - 500048",South India Shopping Mall,RS Brothers,17.3616182,78.4285369,google_raw,6731790.0,9234865.0,manual_web,"SY NO. 369, MQ Dreams, pillar 150, PV Narasimha Rao Expy, Rambagh Colony, Hyderabad, Telangana 500048, India"
24,South India Shopping Mall - Kothapet,500035,Hyderabad,Hyderabad,Telangana,"GHMC No 11-13-1428/3, NH9, Margadarsi Colony","GHMC No 11-13-1428/3- NH9, Plot No. 8, 9 & 10 Sy.No.7-C, Margadarsi Colony, Kothapet, Dilshuknagar, Hyderabad, Telangana - 500035",South India Shopping Mall,RS Brothers,17.3684658,78.53159409999999,google_raw,6731790.0,9234865.0,manual_web,"Dilsukhnagar, Hyderabad, Telangana, India"
25,South India Shopping Mall - KPHB,500072,Hyderabad,Medchal-Malkajgiri,Telangana,"Plot no. 17–20, Kukatpally Village","Plot no. 17 to 20, Sy. no. 166/P, Kukatpally Village, Balanagar Mandal, Kukatpally, Hyderabad, Telangana - 500072",South India Shopping Mall,RS Brothers,17.4898966,78.3931102,google_raw,6731790.0,9234865.0,manual_web,"Balanagar Mandal, Rd Number 3, Kukatpally Housing Board Colony, K P H B Phase 3, Kukatpally, Hyderabad, Telangana 500072, India"
26,South India Shopping Mall - Khammam,507001,Khammam,Khammam,Telangana,H. No. 8-3-201/1 Wyra Road,"H. No. 8-3-201/1 Wyra road, Khammam, Telangana - 507001",South India Shopping Mall,RS Brothers,17.2488956,80.1460381,google_raw,184210.0,252705.0,manual_web,"h, 2-165/10, 8, Wyra Rd, near Medinova, Nizampet, Khammam, Telangana 507001, India"
27,South India Shopping Mall - Eluru,534002,Eluru,West Godavari,Andhra Pradesh,"MDR77, Chanikyapuri Colony, Powerpet","MDR77, Chanikyapuri Colony, Powerpet, Eluru, Andhra Pradesh - 534002",South India Shopping Mall,RS Brothers,16.7173071,81.0987766,google_raw,218020.0,299086.0,census_exact,"MDR77, Chanikyapuri Colony, Eluru, Andhra Pradesh 534002, India"
28,South India Shopping Mall - Gachibowli,500032,Hyderabad,Hyderabad,Telangana,"Plot no. 189–198, Survey no. 50","Plot no. 189 to 198, Survey no. 50, Gachibowli, Hyderabad, Telangana - 500032",South India Shopping Mall,RS Brothers,17.4415926,78.3465978,google_raw,6731790.0,9234865.0,manual_web,"Villa-46, Hill Ridge Villas, 50, Gachibowli, Hyderabad, Telangana 500032, India"
29,South India Shopping Mall - Guntur,522002,Guntur,Guntur,Andhra Pradesh,"D. no. 93, Main Rd, Brodipet","D. no. 93, Main Rd, beside Hotel Grand Nagarjuna, Brodipet, Guntur, Andhra Pradesh - 522002",South India Shopping Mall,RS Brothers,16.3037966,80.4298021,google_raw,670073.0,919226.0,census_exact,"D, 93, 4th Ln, beside hotel Grand Nagarjuna, Brodipet, Guntur, Andhra Pradesh 522002, India"
30,South India Shopping Mall - Guntur (Lalapet),522001,Guntur,Guntur,Andhra Pradesh,"Medar Bazar, Revenue Ward 31","Medar Bazar, Revenue Ward 31, Lalapet, Guntur, Andhra Pradesh - 522001",South India Shopping Mall,RS Brothers,16.2626949,80.4381217,google_raw,670073.0,919226.0,census_exact,"Revenue Ward, 60, Guntur - Ananthavarappadu Rd, Etukur, Andhra Pradesh 522017, India"
31,South India Shopping Mall - Gajuwaka,530026,Visakhapatnam,Visakhapatnam,Andhra Pradesh,"D. No.10-4-92, Old Gajuwaka","D. No.10-4-92, Main Road, Old Gajuwaka, Visakhapatnam, Andhra Pradesh - 530026",South India Shopping Mall,RS Brothers,17.685649,83.207308,google_raw,2035922.0,2792937.0,manual_web,"d, NMR Complex, 10-4-117, Main Rd, opp. Shree Kanya Theatre, Indira Colony, Old Gajuwaka, Gajuwaka, Andhra Pradesh 530026, India"
32,South India Shopping Mall - Hanmakonda,506001,Hanmakonda,Warangal,Telangana,"D. no. 4-5-197, Podduturi Complex","D. no. 4-5-197, Podduturi Complex, Hanmakonda, Telangana - 506001",South India Shopping Mall,RS Brothers,17.99656,79.5514335,google_raw,427303.0,586187.0,manual_web,"Hanamkonda, Telangana 506001, India"
33,South India Shopping Mall - Hubli,580030,Hubballi,Dharwad,Karnataka,"Marvel Ecron, Gokul Rd","Marvel Ecron, Gokul Rd, Hubballi, Karnataka 580030",South India Shopping Mall,RS Brothers,15.3503582,75.1131693,google_raw,943788.0,1356919.0,manual_web,"Gokul Rd, Rajendra Nagar, Hubballi, Karnataka 580030, India"
34,South India Shopping Mall - Kakinada,533001,Kakinada,Kakinada,Andhra Pradesh,"D No: 28-1-6, Subhash Road","D No: 28-1-6, Subhash Road, Kakinada, Andhra Pradesh - 533001",South India Shopping Mall,RS Brothers,16.9613488,82.235708,google_raw,312538.0,428749.0,census_exact,"d, 28, Subhash Rd, Surya Rao Peta, Kakinada, Andhra Pradesh 533001, India"
35,South India Shopping Mall - Karimnagar,505001,Karimnagar,Karimnagar,Telangana,"D, 3-4-227, Sawaran St","D, 3-4-227, Sawaran St, Karimnagar, Telangana 505001",South India Shopping Mall,RS Brothers,18.4374954,79.1319039,google_raw,283657.0,389129.0,manual_web,"D, 3-4-226, Sawaran St, beside Dr. Pvr Multispality, Osmanpura, Sai Nagar, Karimnagar, Telangana 505001, India"
36,South India Shopping Mall - Khajaguda,500104,Hyderabad,Hyderabad,Telangana,Khajaguda-Nanakramguda Rd,"Khajaguda - Nanakramguda Rd, Chitrapuri Colony, Hyderabad, Telangana - 500104",South India Shopping Mall,RS Brothers,17.4190757,78.3748042,google_raw,6731790.0,9234865.0,manual_web,"Khajaguda - Nanakramguda Rd, Chitrapuri Colony, Manikonda, Hyderabad, Telangana, India"
37,South India Shopping Mall - Kothagudem,507101,Kothagudem,Bhadradri Kothagudem,Telangana,"H.No.3, Vidyanagar Colony","H.No.3, Vidyanagar Colony, Kothagudem, Telangana 507101",South India Shopping Mall,RS Brothers,17.53438,80.6144052,google_raw,79819.0,109498.0,manual_web,"h, 3-2-149/1A, beside Zudio line, Vidyanagar Colony, Vidya nagar, Babucamp, Kothagudem, Telangana 507101, India"
38,South India Shopping Mall - Kadapa,516001,Kadapa,Kadapa,Andhra Pradesh,"TS no. 884, Patel Road","TS no. 884, Premises no. 39/622-75-5, Patel Road, Kadapa, Andhra Pradesh - 516001",South India Shopping Mall,RS Brothers,14.4609339,78.8321855,google_raw,318916.0,437498.0,census_contains,"39/624, Patel Rd, SLB Enclave, Aravind Nagar, Chinna Chauku, Andhra Pradesh 516001, India"
39,South India Shopping Mall - Mahbubnagar,509001,Mahbubnagar,Mahbubnagar,Telangana,Opp Municipal Corporation Office,"Opp Municipal Corporation Office, Mahbubnagar, Telangana 509001",South India Shopping Mall,RS Brothers,16.7427391,78.0120941,google_raw,190400.0,261196.0,manual_web,"2-69, Koyanagar, Shah Saheb Gutta, Mahbubnagar, Telangana 509001, India"
40,South India Shopping Mall - Madinaguda,500050,Hyderabad,Hyderabad,Telangana,"Mumbai National Highway, Mythri Nagar","Mumbai National Highway, Mythri Nagar, Hyderabad, Telangana - 500050",South India Shopping Mall,RS Brothers,17.4977646,78.3316862,google_raw,6731790.0,9234865.0,manual_web,"Hyderabad, Telangana 500050, India"
41,South India Shopping Mall - Nellore,524003,Nellore,Nellore,Andhra Pradesh,"Door No.23 902, Grand Trunk Road","Door No.23 902 Grand Trunk Road, Nellore, Andhra Pradesh - 524003",South India Shopping Mall,RS Brothers,14.3994756,79.9476456,google_raw,547621.0,751242.0,census_exact,"23, 902, Grand Trunk Road, Thalpagiri Colony, Nellore, Andhra Pradesh 524004, India"
42,South India Shopping Mall - Nizamabad,503003,Nizamabad,Nizamabad,Telangana,"MCH No 7-10-911, Station Road","MCH No 7-10-911, Haricharan Complex, Station Road, Nizamabad, Telangana - 503003",South India Shopping Mall,RS Brothers,18.6758609,78.1010657,google_raw,311152.0,426847.0,manual_web,"M4G2+8CW, Kumar Gali, Nizamabad, Telangana 503003, India"
43,South India Shopping Mall - Ongole,523001,Ongole,Prakasam,Andhra Pradesh,"37-1-8/5, Venkateswara Nagar","37-1-8/5, Venkateswara Nagar, Ongole, Andhra Pradesh - 523001",South India Shopping Mall,RS Brothers,15.512318,80.04261260000001,google_raw,204746.0,280876.0,census_exact,"37-1-168-23-24, Venkateswara Nagar, Ongole, Andhra Pradesh 523001, India"
44,South India Shopping Mall - Parvatipuram,535501,Parvatipuram,Parvathipuram Manyam,Andhra Pradesh,Beside RTC Complex,"Beside RTC complex, Parvatipuram, Andhra Pradesh - 535501",South India Shopping Mall,RS Brothers,18.773674,83.4229737,google_raw,53844.0,73865.0,manual_web,"RTC Bus Complex, Parvathipuram., Parvatipuram, Andhra Pradesh 535501, India"
45,South India Shopping Mall - Patny,500003,Secunderabad,Hyderabad,Telangana,"1-1-76 to 82, Opp Head Post Office","1-1-76 to 82, Opp. Head Post Office, Patny, Secunderabad, Telangana - 500003",South India Shopping Mall,RS Brothers,17.440306,78.4946757,google_raw,217910.0,298935.0,manual_web,"Patny Centre, Patny Central Mall, 262, Sarojini Devi Rd, Avulamanda, Krishna Complex, Kalasiguda, Secunderabad, Telangana 500003, India"
46,South India Shopping Mall - Rajahmundry,533104,Rajamahendravaram,East Godavari,Andhra Pradesh,Seshayya Metta,"2Q6F+3JJ, Seshayya Metta, Rajamahendravaram, Andhra Pradesh - 533104",South India Shopping Mall,RS Brothers,17.0102125,81.7740156,google_raw,341831.0,468934.0,manual_web,"2Q6F+3JJ Seshayya Metta, Rajamahendravaram, Andhra Pradesh"
47,South India Shopping Mall - Tirupati,517501,Tirupati,Tirupati,Andhra Pradesh,"TS no. 3204, Ward no. 10","TS no. 3204, Tirupati, Andhra Pradesh - 517501",South India Shopping Mall,RS Brothers,13.6244611,79.4310052,google_raw,287482.0,394376.0,census_exact,"Tirupati, Andhra Pradesh 517501, India"
48,South India Shopping Mall - Suchitra,500067,Hyderabad,Medchal-Malkajgiri,Telangana,"Plot no.108–133, Greenpark Avenue","Plot no. 108, 109, Greenpark Avenue, Hyderabad, Telangana - 500067",South India Shopping Mall,RS Brothers,17.532742,78.3104555,google_raw,6731790.0,9234865.0,manual_web,"108, 109, Senthan Green Park Rd, Senthan Green Park, Ameenpur, Ramachandrapuram, Ramachandrapuram (BHEL Township), Telangana 502032, India"
49,South India Shopping Mall - Srikakulam,532001,Srikakulam,Srikakulam,Andhra Pradesh,"Plot no A9, G T Road","Plot no A9, D No 7-2-98, G T Road, Srikakulam, Andhra Pradesh - 532001",South India Shopping Mall,RS Brothers,18.2978803,83.9032824,google_raw,125939.0,172767.0,census_exact,"a9 d, 7-4-45A, GT Rd, Deepa Mahal Area, Visakha B Colony, Visakha Colony, Srikakulam, Andhra Pradesh 532001, India"
50,South India Shopping Mall - Ramachandra Puram,502032,Ramachandrapuram,Sangareddy,Telangana,Sai Nagar Colony,"Sai Nagar Colony, Ramachandrapuram, Telangana 502032",South India Shopping Mall,RS Brothers,17.5161659,78.2896122,google_raw,43657.0,59890.0,manual_web,"Sai Nagar Colony, Ramachandrapuram, Ramachandrapuram (BHEL Township), Telangana, India"
51,South India Shopping Mall - Tenali,522201,Tenali,Guntur,Andhra Pradesh,"16-2-60, Bose Rd","16-2-60, Bose Rd, Tenali, Andhra Pradesh - 522201",South India Shopping Mall,RS Brothers,16.233175,80.65035499999999,google_raw,164937.0,226265.0,census_exact,"16-2-3/3, Bose Rd, Ramalingeswara Pet, Tenali, Andhra Pradesh 522201, India"
52,South India Shopping Mall - Tuni,533401,Tuni,Kakinada,Andhra Pradesh,"Sri Rama Complex, GNT Rd","Sri Rama Complex, GNT Rd, Tuni, Andhra Pradesh - 533401",South India Shopping Mall,RS Brothers,17.360456,82.5444103,google_raw,53425.0,73290.0,census_exact,"GNT Rd, Tuni, Andhra Pradesh 533401, India"
53,South India Shopping Mall - Uppal,500039,Hyderabad,Medchal-Malkajgiri,Telangana,"Hanumasai Nagar, Vijayapuri Colony","South India Shooping Mall, Uppal, Hyderabad, Telangana 500039",South India Shopping Mall,RS Brothers,17.4009915,78.5682945,google_raw,6731790.0,9234865.0,manual_web,"Main Road, 2-341, Ghatkesar Rd, opposite to Uppal Bustop, Hanumasai Nagar, Vijayapuri Colony, Uppal, Hyderabad, Telangana 500039, India"
54,South India Shopping Mall - VIP Road (Vizag),530013,Visakhapatnam,Visakhapatnam,Andhra Pradesh,"VIP Rd, Dwaraka Nagar","VIP Rd, Visakhapatnam, Andhra Pradesh - 530013",South India Shopping Mall,RS Brothers,17.7277331,83.315054,google_raw,2035922.0,2792937.0,manual_web,"VIP Rd, Visakhapatnam, Andhra Pradesh 530013, India"
55,South India Shopping Mall - Vijayawada,520010,Vijayawada,Krishna,Andhra Pradesh,"27-16-210, Eluru Road","D. no. 27-16-210, Eluru Road, Vijayawada, Andhra Pradesh - 520010",South India Shopping Mall,RS Brothers,16.514194,80.63256899999999,google_raw,1021806.0,1401743.0,census_contains,"d, Paturi Plaza, 27-14-52, Eluru Rd, Near Vijaya Talkies, Suryaraopeta, Governor Peta, Vijayawada, Andhra Pradesh 520002, India"
56,South India Shopping Mall - Vizianagaram,535003,Vizianagaram,Vizianagaram,Andhra Pradesh,"D.no: 21-1-97 to 98, Pool Bagh Road","D.no: 21-1-97to 98, Pool Bagh Road, Vizianagaram, Andhra Pradesh - 535003",South India Shopping Mall,RS Brothers,18.110494,83.41252709999999,google_raw,228720.0,313765.0,census_exact,"98, Phool Bagh Rd, Fort Area, Vizianagaram, Andhra Pradesh 535002, India"
57,South India Shopping Mall - Visakhapatnam,530020,Visakhapatnam,Visakhapatnam,Andhra Pradesh,"28-2-48-1, Jagadamba Centre","28-2-48-1, Jagadamba Centre, Visakhapatnam, Andhra Pradesh - 530020",South India Shopping Mall,RS Brothers,17.711555,83.303269,google_raw,2035922.0,2792937.0,manual_web,"28-2-11/16, Jagadamba Centre, Maharani Peta, Visakhapatnam, Andhra Pradesh 530002, India"
1,Nalli Silk Sarees Ahmedabad,380006,Ahmedabad,Ahmedabad,Gujarat,"Abhinav Arcade, Ashram Rd, Ellis Bridge","Abhinav Arcade, Ashram Road, Ellis Bridge, Ahmedabad - 380006, India",Nalli,Nalli,23.0303842,72.5708452,google_raw,5577940.0,7663226.0,manual_web,"bank of baroda, Vishalpur, Ellisbridge, Ahmedabad, Gujarat 380009, India"
2,Nalli Silk Sarees Jayanagar,560041,Bengaluru,Bengaluru,Karnataka,"46th Cross, 100 FT Ring Rd, Jayanagar","DTW Plaza, 46th Cross, 100 FT Ring Road, Jayanagar, Bengaluru - 560041, India",Nalli,Nalli,12.9136789,77.6000433,google_raw,8443675.0,12139784.0,manual_web,"100 Feet Ring Rd, Bengaluru, Karnataka 560041, India"
3,Nalli Silk Sarees Malleshwaram,560003,Bengaluru,Bengaluru,Karnataka,"17th Cross, Sampige Rd, Malleshwaram","No.299, 17th Cross, Sampige Road, Bengaluru - 560003, India",Nalli,Nalli,13.007216,77.5713394,google_raw,8443675.0,12139784.0,manual_web,"299, 17th Cross Rd, Ranganathapura, Malleshwaram, Bengaluru, Karnataka 560003, India"
4,Nalli Silk Sarees Marathahalli,560037,Bengaluru,Bengaluru,Karnataka,Anand Nagar Layout,"No.85, Anand Nagar Layout, Bengaluru - 560037, India",Nalli,Nalli,12.9621832,77.70350959999999,google_raw,8443675.0,12139784.0,manual_web,"Sri Chaitanya CBSE Hostel, 85, Anand Nagar, Aswath Nagar, Marathahalli, Bengaluru, Karnataka 560037, India"
5,Nalli Silk Sarees Ashok Nagar,560025,Bengaluru,Bengaluru,Karnataka,Magrath Road,"Magrath Road, Ashok Nagar, Bengaluru - 560025, India",Nalli,Nalli,12.9701437,77.6108795,google_raw,8443675.0,12139784.0,manual_web,"Magrath Rd, Ashok Nagar, Bengaluru, Karnataka, India"
6,Nalli Chinnasami Chetty T Nagar,600017,Chennai,Chennai,Tamil Nadu,"Nageswaran Rd, T Nagar","No.9, Nageswaran Road, Chennai - 600017, India",Nalli,Nalli,13.0401911,80.2329323,google_raw,4646732.0,6153484.0,census_exact,"Kumaran Silks, 9, Nageswaran Rao Rd, panagal park, T. Nagar, Chennai, Tamil Nadu 600017, India"
7,Nalli 100 T Nagar,600017,Chennai,Chennai,Tamil Nadu,Usman Rd,"100, Usman Rd, Chennai - 600017, India",Nalli,Nalli,13.0404083,80.2315296,google_raw,4646732.0,6153484.0,census_exact,"100, N Usman Rd, T. Nagar, Chennai, Tamil Nadu 600017, India"
8,Nalli Fashions T Nagar,600017,Chennai,Chennai,Tamil Nadu,Opp Panagal Park,"Nageswaran Road, Chennai - 600017, India",Nalli,Nalli,13.0407215,80.2328675,google_raw,4646732.0,6153484.0,census_exact,"Nageswaran Rao Rd, T. Nagar, Chennai, Tamil Nadu 600017, India"
9,Nalli Anna Nagar,600040,Chennai,Chennai,Tamil Nadu,Second Avenue,"Anna Nagar, Chennai - 600040, India",Nalli,Nalli,13.0849557,80.2101342,google_raw,4646732.0,6153484.0,census_exact,"Anna Nagar, Chennai, Tamil Nadu, India"
10,Nalli Chrompet,600044,Chennai,Chennai,Tamil Nadu,GST Road,"GST Road, Chennai - 600044, India",Nalli,Nalli,12.9532019,80.1415193,google_raw,4646732.0,6153484.0,census_exact,"Grand Southern Trunk Rd, Chennai, Tamil Nadu 600044, India"
11,Nalli Mylapore,600004,Chennai,Chennai,Tamil Nadu,Luz Church Road,"Luz Church Road, Chennai - 600004, India",Nalli,Nalli,13.0373356,80.2622759,google_raw,4646732.0,6153484.0,census_exact,"Luz Church Rd, Mylapore, Chennai, Tamil Nadu 600004, India"
12,Nalli Vadapalani,600026,Chennai,Chennai,Tamil Nadu,Arcot Road,"NSK Salai, Chennai - 600026, India",Nalli,Nalli,13.0490237,80.20851239999999,google_raw,4646732.0,6153484.0,census_exact,"NSK Salai, 203, Arcot Rd, Ottagapalayam, Somasundara Bharathi Nagar, Vadapalani, Chennai, Tamil Nadu 600026, India"
13,Nalli Adyar,600020,Chennai,Chennai,Tamil Nadu,Kasturba Nagar,"Adyar, Chennai - 600020, India",Nalli,Nalli,13.0037834,80.2569061,google_raw,4646732.0,6153484.0,census_exact,"Chennai, Tamil Nadu 600020, India"
14,Nalli Velachery,600042,Chennai,Chennai,Tamil Nadu,Velachery Main Rd,"Velachery, Chennai - 600042, India",Nalli,Nalli,12.9754605,80.2207047,google_raw,4646732.0,6153484.0,census_exact,"Velachery, Chennai, Tamil Nadu, India"
15,Nalli Coimbatore,641002,Coimbatore,Coimbatore,Tamil Nadu,"DB Road, RS Puram","DB Road, Coimbatore - 641002, India",Nalli,Nalli,11.0083246,76.950786,google_raw,1050721.0,1391428.0,census_exact,"Diwan Bahadur Rd, R.S. Puram, Coimbatore, Tamil Nadu 641002, India"
16,Nalli South Extension Delhi,110049,New Delhi,New Delhi,Delhi,"Ring Road, South Ex","South Extension Part 1, New Delhi - 110049, India",Nalli,Nalli,28.5732907,77.2219418,google_raw,11034555.0,14872913.0,manual_web,"South Extension I, New Delhi, Delhi, India"
17,Nalli Connaught Place,110001,New Delhi,New Delhi,Delhi,Inner Circle CP,"Connaught Place, New Delhi - 110001, India",Nalli,Nalli,28.6304203,77.21772159999999,google_raw,11034555.0,14872913.0,manual_web,"Connaught Place, New Delhi, Delhi 110001, India"
18,Nalli Greater Kailash,110048,New Delhi,New Delhi,Delhi,GK Part 2,"Greater Kailash II, New Delhi - 110048, India",Nalli,Nalli,28.53536,77.2419522,google_raw,11034555.0,14872913.0,manual_web,"Greater Kailash II, Greater Kailash, New Delhi, Delhi, India"
19,Nalli Hyderabad Begumpet,500016,Hyderabad,Hyderabad,Telangana,Sardar Patel Rd,"Begumpet, Hyderabad - 500016, India",Nalli,Nalli,17.4447097,78.4625904,google_raw,6731790.0,9234865.0,manual_web,"Hyderabad, Telangana 500016, India"
20,Nalli Banjara Hills,500034,Hyderabad,Hyderabad,Telangana,Road No.10,"Banjara Hills, Hyderabad - 500034, India",Nalli,Nalli,17.4145868,78.4382677,google_raw,6731790.0,9234865.0,manual_web,"Hyderabad, Telangana 500034, India"
21,Nalli Pune,411001,Pune,Pune,Maharashtra,Camp Area,"Pune - 411001, India",Nalli,Nalli,18.5296029,73.87601529999999,google_raw,3124458.0,4192758.0,census_exact,"Pune, Maharashtra 411001, India"
22,Nalli Mumbai Mahalaxmi,400026,Mumbai,Mumbai,Maharashtra,Bhulabhai Desai Rd,"Mumbai - 400026, India",Nalli,Nalli,18.970642,72.809483,google_raw,9356962.0,12556251.0,census_contains,"Mumbai, Maharashtra 400026, India"
23,Nalli Mumbai Goregaon,400063,Mumbai,Mumbai,Maharashtra,Oberoi Mall,"Goregaon East, Mumbai - 400063, India",Nalli,Nalli,19.1648109,72.85327149999999,google_raw,9356962.0,12556251.0,census_contains,"Mumbai, Maharashtra 400063, India"
24,Nalli Thane,400610,Thane,Thane,Maharashtra,Viviana Mall,"Thane West - 400610, India",Nalli,Nalli,19.2309525,72.9517281,google_raw,1841488.0,2471121.0,census_exact,"Mumbai, Thane, Maharashtra 400610, India"
25,Nalli USA Edison,8820,Edison,Middlesex,USA,Oak Tree Road,"Edison, NJ 08820, USA",Nalli,Nalli,40.57575629999999,-74.3548452,google_raw,,,,"Edison, NJ 08820, USA"
26,Nalli USA Sunnyvale,94086,Sunnyvale,Santa Clara,USA,El Camino Real,"Sunnyvale, CA 94086, USA",Nalli,Nalli,37.371859,-122.0212337,google_raw,,,,"Sunnyvale, CA 94086, USA"
27,Nalli Singapore,408868,Singapore,Singapore,Singapore,Serangoon Rd,Singapore 408868,Nalli,Nalli,1.33295,103.894131,google_raw,,,,Singapore 408868
28,Nalli London,SW19,London,London,UK,Wimbledon,"London SW19, UK",Nalli,Nalli,51.4255297,-0.2050566,google_raw,,,,"London SW19, UK"
29,Nalli Dubai,,Dubai,Dubai,UAE,Bur Dubai,"Dubai, UAE",Nalli,Nalli,25.2048493,55.2707828,google_raw,,,,Dubai - United Arab Emirates
30,Nalli Canada Toronto,M4Y,Toronto,Toronto,Canada,Downtown,"Toronto, Canada",Nalli,Nalli,43.6548253,-79.388447,google_raw,,,,"Toronto, ON, Canada"
31,Nalli Australia Sydney,2000,Sydney,Sydney,Australia,CBD,"Sydney NSW 2000, Australia",Nalli,Nalli,-33.8708464,151.20733,google_raw,,,,"Barangaroo NSW 2000, Australia"
236,The Chennai Silks - Salem,636005,Salem,Salem,Tamil Nadu,"No. 293, Junction Road, Meyyanur","No. 293, Junction Road, Meyyanur, Salem, Tamil Nadu, 636005",The Chennai Silks,The Chennai Silks,11.6759612,78.12931689999999,google_raw,829267.0,1098166.0,census_exact,"293, Junction Main Rd, State Bank Colony, Meyyanur, Salem, Tamil Nadu 636004, India"
237,The Chennai Silks - Vellore,632012,Vellore,Vellore,Tamil Nadu,"No. 37, Chennai Bengaluru New By-pass Road","No. 37, Chennai Bengaluru New By-pass Road, Vellore, Tamil Nadu, 632012",The Chennai Silks,The Chennai Silks,12.9265193,79.1463868,google_raw,,,,"Vellore, Tamil Nadu 632012, India"
238,The Chennai Silks - Tirunelveli,627003,Tirunelveli,Tirunelveli,Tamil Nadu,"177A-2, Vannarpet","177A-2, Vannarpet, Tirunelveli, Tamil Nadu, 627003",The Chennai Silks,The Chennai Silks,8.7371844,77.725178,google_raw,473637.0,627219.0,census_exact,"Barani Nagar, Tirunelveli, Tamil Nadu 627003, India"
239,The Chennai Silks - Karur,639002,Karur,Karur,Tamil Nadu,"147-C, Kovai Road","147-C, Kovai Road, Karur, Tamil Nadu, 639002",The Chennai Silks,The Chennai Silks,10.9612962,78.0651512,google_raw,,,,"LNS Post, 147C, Kovai Main Rd, Karur, Tamil Nadu 639002, India"
240,The Chennai Silks - Trichy,620002,Tiruchirappalli,Tiruchirappalli,Tamil Nadu,"10-12, W.B. Road","10-12, W.B. Road, Trichy, Tamil Nadu, 620002",The Chennai Silks,The Chennai Silks,10.8213972,78.6937628,google_raw,847387.0,1122161.0,census_exact,"10, W Blvd Rd, Singarathope, Tharanallur, Tiruchirappalli, Tamil Nadu 620008, India"
241,The Chennai Silks - Erode,638001,Erode,Erode,Tamil Nadu,"85-A, RKV Road","85-A, RKV Road, Erode, Tamil Nadu, 638001",The Chennai Silks,The Chennai Silks,11.3444135,77.7297425,google_raw,157101.0,208043.0,census_exact,"85-A, RKV Rd, Marapalam, Erode, Tamil Nadu 638001, India"
242,The Chennai Silks - Coimbatore - III,641012,Coimbatore,Coimbatore,Tamil Nadu,"958-972, Cross Cut Road","958-972, Cross Cut Road, Coimbatore, Tamil Nadu, 641012",The Chennai Silks,The Chennai Silks,11.0172241,76.9659621,google_raw,1050721.0,1391428.0,census_exact,"958-972, Cross Cut Rd, Opp. Lakshmi Complex, Gandhipuram, Coimbatore, Tamil Nadu 641012, India"
243,The Chennai Silks - Coimbatore - I,641001,Coimbatore,Coimbatore,Tamil Nadu,"558-560, Oppanakara Street","558-560, Oppanakara Street, Coimbatore, Tamil Nadu, 641001",The Chennai Silks,The Chennai Silks,10.9941003,76.95952489999999,google_raw,1050721.0,1391428.0,census_exact,"558-560, Oppanakara St., Town Hall, Coimbatore, Tamil Nadu 641001, India"
244,The Chennai Silks - Coimbatore - II,641001,Coimbatore,Coimbatore,Tamil Nadu,"636, Oppanakara Street","636, Oppanakara Street, Coimbatore, Tamil Nadu, 641001",The Chennai Silks,The Chennai Silks,10.9955243,76.9592012,google_raw,1050721.0,1391428.0,census_exact,"636, Oppanakara St., opp. SPP silks, Ukkadam, Coimbatore, Tamil Nadu 641001, India"
245,The Chennai Silks - Tiruppur,641604,Tiruppur,Tiruppur,Tamil Nadu,"74, New Market Street","74, New Market Street, Tiruppur, Tamil Nadu, 641604",The Chennai Silks,The Chennai Silks,11.0997669,77.3470304,google_raw,,,,"74, New Market Street, Ramraj Nagar, Kamatchi Amman, Tiruppur, Tamil Nadu 641604, India"
246,The Chennai Silks - Madurai,625001,Madurai,Madurai,Tamil Nadu,"37, Thangam Theatre Complex, Opp. Railway Station","37, Thangam Theatre Complex, Opp. Railway Station, Madurai, Tamil Nadu, 625001",The Chennai Silks,The Chennai Silks,9.9252007,78.1197754,google_raw,1017865.0,1347918.0,census_exact,"W4G9+3WJ, Rail Marutham Nagar, Simmakkal, Madurai Main, Madurai, Tamil Nadu 625001, India"
247,The Chennai Silks - Ooty,643001,Ooty,Nilgiris,Tamil Nadu,"No.30, Coonoor Road, Udhagamandalam","No.30, Coonoor Road, Udhagamandalam, Ooty, Tamil Nadu, 643001",The Chennai Silks,The Chennai Silks,11.4057519,76.7148461,google_raw,,,,"30, Coonoor Rd, opposite Aavin Milk Station, Thalayathimund, Ooty, Tamil Nadu 643001, India"
248,The Chennai Silks - Pondicherry,605005,Puducherry,Puducherry,Puducherry,"249, Maraimalai Adigal Salai, Nellithope","249, Maraimalai Adigal Salai, Nellithope, Puducherry, Puducherry, 605005",The Chennai Silks,The Chennai Silks,11.9321803,79.8138693,google_raw,244377.0,367639.0,census_exact,"249, Maraimalai Adigal Salai, Nellithope, Nellitope, Puducherry, 605005, India"
249,The Chennai Silks - Mehdipatnam,500028,Hyderabad,Hyderabad,Telangana,"Aries Plaza, Pillar No.20, Santosh Nagar, Mehdipatnam","Aries Plaza, Pillar No.20, Santosh Nagar, Mehdipatnam, Hyderabad, Telangana, 500028",The Chennai Silks,The Chennai Silks,17.3949009,78.43791929999999,google_raw,6731790.0,9234865.0,manual_web,"Pillar Number 20, PV Narasimha Rao Expy, Ambedkar Colony, Mehdipatnam, Hyderabad, Telangana 500006, India"
250,The Chennai Silks - Chromepet,600044,Chennai,Chennai,Tamil Nadu,"No. 1, G.S.T Main Rd, Lakshman Nagar","No. 1, G.S.T Main Rd, Lakshman Nagar, Chromepet, Tamil Nadu, 600044",The Chennai Silks,The Chennai Silks,12.9599029,80.14355619999999,google_raw,4646732.0,6153484.0,census_exact,"Lakshman Nagar, Chromepet, Chennai, Tamil Nadu 600044, India"
251,The Chennai Silks - Tanjore,613007,Thanjavur,Thanjavur,Tamil Nadu,"5, Daniel Thomas Nagar, Near Old Housing Unit","5, Daniel Thomas Nagar, Near Old Housing Unit, Tanjore, Tamil Nadu, 613007",The Chennai Silks,The Chennai Silks,10.7654439,79.12452259999999,google_raw,,,,"5/25, Daniel Thomas Nagar, Arulananda Nagar West Extension, Thanjavur, Tamil Nadu 613007, India"
252,The Chennai Silks - Dindigul,624003,Dindigul,Dindigul,Tamil Nadu,"A.M.C Road, Near Bus Stand","A.M.C Road, Near Bus Stand, Dindigul, Tamil Nadu, 624003",The Chennai Silks,The Chennai Silks,10.361655,77.979629,google_raw,,,,"Dindigul Bus Stand, Spencer Compound, Tamil Nadu 624001, India"
253,The Chennai Silks - Hyderabad,500072,Hyderabad,Hyderabad,Telangana,"Y Junction, Cross Roads, Kukatpally","Y Junction, Cross Roads, Kukatpally, Hyderabad, Telangana, 500072",The Chennai Silks,The Chennai Silks,17.475611,78.42281100000001,google_raw,6731790.0,9234865.0,manual_web,"Y Junction, Pragathi Nagar, Moosapet, Hyderabad, Telangana 500018, India"
254,The Chennai Silks - Thiruvallur,602001,Tiruvallur,Tiruvallur,Tamil Nadu,"No.65A, C.V Naidu Road, Meera Theatre Opposite","No.65A, C.V Naidu Road, Meera Theatre Opposite, Tiruvallur, Tamil Nadu, 602001",The Chennai Silks,The Chennai Silks,13.1422156,79.90470549999999,google_raw,,,,"65, CV Naidu Rd, MGM Nagar, Tamil Nadu 602001, India"
255,The Chennai Silks - Tuticorin,628002,Thoothukudi,Thoothukudi,Tamil Nadu,"261, V.E Road, Shanmugapuram","261, V.E Road, Shanmugapuram, Tuticorin, Tamil Nadu, 628002",The Chennai Silks,The Chennai Silks,8.801981099999999,78.14446099999999,google_raw,,,,"261, VE Rd, Shanmugapuram, Thoothukudi, Tamil Nadu 628001, India"
256,The Chennai Silks - Kumbakonam,612001,Kumbakonam,Thanjavur,Tamil Nadu,"135, New Railway Road, CRC Bus Depot Opposite","135, New Railway Road, CRC Bus Depot Opposite, Kumbakonam, Tamil Nadu, 612001",The Chennai Silks,The Chennai Silks,10.9589675,79.3927282,google_raw,,,,"135, New Railway Rd, opp. CRC, Bus Stop, V P Sindhan Nagar, Gandhi Nagar, Kumbakonam, Tamil Nadu 612001, India"
257,The Chennai Silks - Velachery,600042,Chennai,Chennai,Tamil Nadu,"137, Tambaram Main Road, Near Velachery Railway Station, Velachery","137, Tambaram Main Road, Near Velachery Railway Station, Velachery, Chennai, Tamil Nadu, 600042",The Chennai Silks,The Chennai Silks,12.9719675,80.22036729999999,google_raw,4646732.0,6153484.0,census_exact,"137, Velachery - Tambaram Main Rd, Velachery, Chennai, Tamil Nadu 600042, India"
258,The Chennai Silks - Hosur,635126,Hosur,Krishnagiri,Tamil Nadu,"181 & 182, Sipcot Complex, Phase-1, Mookondapalli","181 & 182, Sipcot Complex, Phase-1, Mookondapalli, Hosur, Tamil Nadu, 635126",The Chennai Silks,The Chennai Silks,12.7665423,77.81481289999999,google_raw,116821.0,154701.0,census_exact,"sipcot, 41, 1st St, near Kannaiyan bakery, Bedrapalli, Hosur, Tamil Nadu 635126, India"
259,The Chennai Silks - Villupuram,605402,Villupuram,Villupuram,Tamil Nadu,"No. 1191, Tiruchi Main Road, Near New Bus Stand","No. 1191, Tiruchi Main Road, Near New Bus Stand, Villupuram, Tamil Nadu, 605402",The Chennai Silks,The Chennai Silks,11.9302417,79.4821363,google_raw,,,,"Villupuram New Bus Stand Rd, Viluppuram, Tamil Nadu, India"
260,The Chennai Silks - Chennai,600017,Chennai,Chennai,Tamil Nadu,"55, Usman Road, T.Nagar","55, Usman Road, T.Nagar, Chennai, Tamil Nadu, 600017",The Chennai Silks,The Chennai Silks,13.0425346,80.2325139,google_raw,4646732.0,6153484.0,census_exact,"55, N Usman Rd, near Panagal Park, T. Nagar, Chennai, Tamil Nadu 600017, India"
